Badakhshan,AF
Badghis,AF
Baghlan,AF
Balkh,AF
Bamyan,AF
Daykundi,AF
Farah,AF
Faryab,AF
Ghazni,AF
Ghōr,AF
Helmand,AF
Herat,AF
Jowzjan,AF
Kabul,AF
Kandahar,AF
Kapisa,AF
Khost,AF
Kunar,AF
Kunduz Province,AF
Laghman,AF
Logar,AF
Nangarhar,AF
Nimruz,AF
Nuristan,AF
Paktia,AF
Paktika,AF
Panjshir,AF
Parwan,AF
Samangan,AF
Sar-e Pol,AF
Takhar,AF
Urozgan,AF
Zabul,AF
Berat County,AL
Berat District,AL
Bulqizë District,AL
Delvinë District,AL
Devoll District,AL
Dibër County,AL
Dibër District,AL
Durrës County,AL
Durrës District,AL
Elbasan County,AL
Fier County,AL
Fier District,AL
Gjirokastër County,AL
Gjirokastër District,AL
Gramsh District,AL
Has District,AL
Kavajë District,AL
Kolonjë District,AL
Korçë County,AL
Korçë District,AL
Krujë District,AL
Kuçovë District,AL
Kukës County,AL
Kukës District,AL
Kurbin District,AL
Lezhë County,AL
Lezhë District,AL
Librazhd District,AL
Lushnjë District,AL
Malësi e Madhe District,AL
Mallakastër District,AL
Mat District,AL
Mirditë District,AL
Peqin District,AL
Përmet District,AL
Pogradec District,AL
Pukë District,AL
Sarandë District,AL
Shkodër County,AL
Shkodër District,AL
Skrapar District,AL
Tepelenë District,AL
Tirana County,AL
Tirana District,AL
Tropojë District,AL
Vlorë County,AL
Vlorë District,AL
Adrar,DZ
Aïn Defla,DZ
Aïn Témouchent,DZ
Algiers,DZ
Annaba,DZ
Batna,DZ
Béchar,DZ
Béjaïa,DZ
Béni Abbès,DZ
Biskra,DZ
Blida,DZ
Bordj Baji Mokhtar,DZ
Bordj Bou Arréridj,DZ
Bouïra,DZ
Boumerdès,DZ
Chlef,DZ
Constantine,DZ
Djanet,DZ
Djelfa,DZ
El Bayadh,DZ
El M'ghair,DZ
El Menia,DZ
El Oued,DZ
El Tarf,DZ
Ghardaïa,DZ
Guelma,DZ
Illizi,DZ
In Guezzam,DZ
In Salah,DZ
Jijel,DZ
Khenchela,DZ
Laghouat,DZ
M'Sila,DZ
Mascara,DZ
Médéa,DZ
Mila,DZ
Mostaganem,DZ
Naama,DZ
Oran,DZ
Ouargla,DZ
Ouled Djellal,DZ
Oum El Bouaghi,DZ
Relizane,DZ
Saïda,DZ
Sétif,DZ
Sidi Bel Abbès,DZ
Skikda,DZ
Souk Ahras,DZ
Tamanghasset,DZ
Tébessa,DZ
Tiaret,DZ
Timimoun,DZ
Tindouf,DZ
Tipasa,DZ
Tissemsilt,DZ
Tizi Ouzou,DZ
Tlemcen,DZ
Touggourt,DZ
Andorra la Vella,AD
Canillo,AD
Encamp,AD
Escaldes-Engordany,AD
La Massana,AD
Ordino,AD
Sant Julià de Lòria,AD
Bengo Province,AO
Benguela Province,AO
Bié Province,AO
Cabinda Province,AO
Cuando Cubango Province,AO
Cuanza Norte Province,AO
Cuanza Sul,AO
Cunene Province,AO
Huambo Province,AO
Huíla Province,AO
Luanda Province,AO
Lunda Norte Province,AO
Lunda Sul Province,AO
Malanje Province,AO
Moxico Province,AO
Uíge Province,AO
Zaire Province,AO
Barbuda,AG
Redonda,AG
Saint George Parish,AG
Saint John Parish,AG
Saint Mary Parish,AG
Saint Paul Parish,AG
Saint Peter Parish,AG
Saint Philip Parish,AG
Buenos Aires,AR
Catamarca,AR
Chaco,AR
Chubut,AR
Ciudad Autónoma de Buenos Aires,AR
Córdoba,AR
Corrientes,AR
Entre Ríos,AR
Formosa,AR
Jujuy,AR
La Pampa,AR
La Rioja,AR
Mendoza,AR
Misiones,AR
Neuquén,AR
Río Negro,AR
Salta,AR
San Juan,AR
San Luis,AR
Santa Cruz,AR
Santa Fe,AR
Santiago del Estero,AR
Tierra del Fuego,AR
Tucumán,AR
Aragatsotn Region,AM
Ararat Province,AM
Armavir Region,AM
Gegharkunik Province,AM
Kotayk Region,AM
Lori Region,AM
Shirak Region,AM
Syunik Province,AM
Tavush Region,AM
Vayots Dzor Region,AM
Yerevan,AM
Australian Capital Territory,AU
New South Wales,AU
Northern Territory,AU
Queensland,AU
South Australia,AU
Tasmania,AU
Victoria,AU
Western Australia,AU
Burgenland,AT
Carinthia,AT
Lower Austria,AT
Salzburg,AT
Styria,AT
Tyrol,AT
Upper Austria,AT
Vienna,AT
Vorarlberg,AT
Absheron District,AZ
Agdam District,AZ
Agdash District,AZ
Aghjabadi District,AZ
Agstafa District,AZ
Agsu District,AZ
Astara District,AZ
Babek District,AZ
Baku,AZ
Balakan District,AZ
Barda District,AZ
Beylagan District,AZ
Bilasuvar District,AZ
Dashkasan District,AZ
Fizuli District,AZ
Ganja,AZ
Gədəbəy,AZ
Gobustan District,AZ
Goranboy District,AZ
Goychay,AZ
Goygol District,AZ
Hajigabul District,AZ
Imishli District,AZ
Ismailli District,AZ
Jabrayil District,AZ
Jalilabad District,AZ
Julfa District,AZ
Kalbajar District,AZ
Kangarli District,AZ
Khachmaz District,AZ
Khizi District,AZ
Khojali District,AZ
Kurdamir District,AZ
Lachin District,AZ
Lankaran,AZ
Lankaran District,AZ
Lerik District,AZ
Martuni,AZ
Masally District,AZ
Mingachevir,AZ
Nakhchivan Autonomous Republic,AZ
Neftchala District,AZ
Oghuz District,AZ
Ordubad District,AZ
Qabala District,AZ
Qakh District,AZ
Qazakh District,AZ
Quba District,AZ
Qubadli District,AZ
Qusar District,AZ
Saatly District,AZ
Sabirabad District,AZ
Sadarak District,AZ
Salyan District,AZ
Samukh District,AZ
Shabran District,AZ
Shahbuz District,AZ
Shaki,AZ
Shaki District,AZ
Shamakhi District,AZ
Shamkir District,AZ
Sharur District,AZ
Shirvan,AZ
Shusha District,AZ
Siazan District,AZ
Sumqayit,AZ
Tartar District,AZ
Tovuz District,AZ
Ujar District,AZ
Yardymli District,AZ
Yevlakh,AZ
Yevlakh District,AZ
Zangilan District,AZ
Zaqatala District,AZ
Zardab District,AZ
Capital,BH
Central,BH
Muharraq,BH
Northern,BH
Southern,BH
Bagerhat District,BD
Bahadia,BD
Bandarban District,BD
Barguna District,BD
Barisal District,BD
Barisal Division,BD
Bhola District,BD
Bogra District,BD
Brahmanbaria District,BD
Chandpur District,BD
Chapai Nawabganj District,BD
Chittagong District,BD
Chittagong Division,BD
Chuadanga District,BD
Comilla District,BD
Cox's Bazar District,BD
Dhaka District,BD
Dhaka Division,BD
Dinajpur District,BD
Faridpur District,BD
Feni District,BD
Gaibandha District,BD
Gazipur District,BD
Gopalganj District,BD
Habiganj District,BD
Jamalpur District,BD
Jessore District,BD
Jhalokati District,BD
Jhenaidah District,BD
Joypurhat District,BD
Khagrachari District,BD
Khulna District,BD
Khulna Division,BD
Kishoreganj District,BD
Kurigram District,BD
Kushtia District,BD
Lakshmipur District,BD
Lalmonirhat District,BD
Madaripur District,BD
Meherpur District,BD
Moulvibazar District,BD
Munshiganj District,BD
Mymensingh District,BD
Mymensingh Division,BD
Naogaon District,BD
Narail District,BD
Narayanganj District,BD
Natore District,BD
Netrokona District,BD
Nilphamari District,BD
Noakhali District,BD
Pabna District,BD
Panchagarh District,BD
Patuakhali District,BD
Pirojpur District,BD
Rajbari District,BD
Rajshahi District,BD
Rajshahi Division,BD
Rangamati Hill District,BD
Rangpur District,BD
Rangpur Division,BD
Satkhira District,BD
Shariatpur District,BD
Sherpur District,BD
Sirajganj District,BD
Sunamganj District,BD
Sylhet District,BD
Sylhet Division,BD
Tangail District,BD
Thakurgaon District,BD
Christ Church,BB
Saint Andrew,BB
Saint George,BB
Saint James,BB
Saint John,BB
Saint Joseph,BB
Saint Lucy,BB
Saint Michael,BB
Saint Peter,BB
Saint Philip,BB
Saint Thomas,BB
Brest Region,BY
Gomel Region,BY
Grodno Region,BY
Minsk,BY
Minsk Region,BY
Mogilev Region,BY
Vitebsk Region,BY
Antwerp,BE
Brussels-Capital Region,BE
East Flanders,BE
Flanders,BE
Flemish Brabant,BE
Hainaut,BE
Liège,BE
Limburg,BE
Luxembourg,BE
Namur,BE
Wallonia,BE
Walloon Brabant,BE
West Flanders,BE
Belize District,BZ
Cayo District,BZ
Corozal District,BZ
Orange Walk District,BZ
Stann Creek District,BZ
Toledo District,BZ
Alibori Department,BJ
Atakora Department,BJ
Atlantique Department,BJ
Borgou Department,BJ
Collines Department,BJ
Donga Department,BJ
Kouffo Department,BJ
Littoral Department,BJ
Mono Department,BJ
Ouémé Department,BJ
Plateau Department,BJ
Zou Department,BJ
Devonshire Parish,BM
Hamilton Parish,BM
Paget Parish,BM
Pembroke Parish,BM
Saint George's Parish,BM
Sandys Parish,BM
Smith's Parish.,BM
Southampton Parish,BM
Warwick Parish,BM
Bumthang District,BT
Chukha District,BT
Dagana District,BT
Gasa District,BT
Haa District,BT
Lhuntse District,BT
Mongar District,BT
Paro District,BT
Pemagatshel District,BT
Punakha District,BT
Samdrup Jongkhar District,BT
Samtse District,BT
Sarpang District,BT
Thimphu District,BT
Trashigang District,BT
Trongsa District,BT
Tsirang District,BT
Wangdue Phodrang District,BT
Zhemgang District,BT
Beni Department,BO
Chuquisaca Department,BO
Cochabamba Department,BO
La Paz Department,BO
Oruro Department,BO
Pando Department,BO
Potosí Department,BO
Santa Cruz Department,BO
Tarija Department,BO
Bonaire,BQ
Saba,BQ
Sint Eustatius,BQ
Bosnian Podrinje Canton,BA
Brčko District,BA
Canton 10,BA
Central Bosnia Canton,BA
Federation of Bosnia and Herzegovina,BA
Herzegovina-Neretva Canton,BA
Posavina Canton,BA
Republika Srpska,BA
Sarajevo Canton,BA
Tuzla Canton,BA
Una-Sana Canton,BA
West Herzegovina Canton,BA
Zenica-Doboj Canton,BA
Central District,BW
Ghanzi District,BW
Kgalagadi District,BW
Kgatleng District,BW
Kweneng District,BW
Ngamiland,BW
North-East District,BW
North-West District,BW
South-East District,BW
Southern District,BW
Acre,BR
Alagoas,BR
Amapá,BR
Amazonas,BR
Bahia,BR
Ceará,BR
Distrito Federal,BR
Espírito Santo,BR
Goiás,BR
Maranhão,BR
Mato Grosso,BR
Mato Grosso do Sul,BR
Minas Gerais,BR
Pará,BR
Paraíba,BR
Paraná,BR
Pernambuco,BR
Piauí,BR
Rio de Janeiro,BR
Rio Grande do Norte,BR
Rio Grande do Sul,BR
Rondônia,BR
Roraima,BR
Santa Catarina,BR
São Paulo,BR
Sergipe,BR
Tocantins,BR
Belait District,BN
Brunei-Muara District,BN
Temburong District,BN
Tutong District,BN
Blagoevgrad Province,BG
Burgas Province,BG
Dobrich Province,BG
Gabrovo Province,BG
Haskovo Province,BG
Kardzhali Province,BG
Kyustendil Province,BG
Lovech Province,BG
Montana Province,BG
Pazardzhik Province,BG
Pernik Province,BG
Pleven Province,BG
Plovdiv Province,BG
Razgrad Province,BG
Ruse Province,BG
Shumen,BG
Silistra Province,BG
Sliven Province,BG
Smolyan Province,BG
Sofia City Province,BG
Sofia Province,BG
Stara Zagora Province,BG
Targovishte Province,BG
Varna Province,BG
Veliko Tarnovo Province,BG
Vidin Province,BG
Vratsa Province,BG
Yambol Province,BG
Balé Province,BF
Bam Province,BF
Banwa Province,BF
Bazèga Province,BF
Boucle du Mouhoun Region,BF
Bougouriba Province,BF
Boulgou,BF
Cascades Region,BF
Centre,BF
Centre-Est Region,BF
Centre-Nord Region,BF
Centre-Ouest Region,BF
Centre-Sud Region,BF
Comoé Province,BF
Est Region,BF
Ganzourgou Province,BF
Gnagna Province,BF
Gourma Province,BF
Hauts-Bassins Region,BF
Houet Province,BF
Ioba Province,BF
Kadiogo Province,BF
Kénédougou Province,BF
Komondjari Province,BF
Kompienga Province,BF
Kossi Province,BF
Koulpélogo Province,BF
Kouritenga Province,BF
Kourwéogo Province,BF
Léraba Province,BF
Loroum Province,BF
Mouhoun,BF
Nahouri Province,BF
Namentenga Province,BF
Nayala Province,BF
Nord Region. Burkina Faso,BF
Noumbiel Province,BF
Oubritenga Province,BF
Oudalan Province,BF
Passoré Province,BF
Plateau-Central Region,BF
Poni Province,BF
Sahel Region,BF
Sanguié Province,BF
Sanmatenga Province,BF
Séno Province,BF
Sissili Province,BF
Soum Province,BF
Sourou Province,BF
Sud-Ouest Region,BF
Tapoa Province,BF
Tuy Province,BF
Yagha Province,BF
Yatenga Province,BF
Ziro Province,BF
Zondoma Province,BF
Zoundwéogo Province,BF
Bubanza Province,BI
Bujumbura Mairie Province,BI
Bujumbura Rural Province,BI
Bururi Province,BI
Cankuzo Province,BI
Cibitoke Province,BI
Gitega Province,BI
Karuzi Province,BI
Kayanza Province,BI
Kirundo Province,BI
Makamba Province,BI
Muramvya Province,BI
Muyinga Province,BI
Mwaro Province,BI
Ngozi Province,BI
Rumonge Province,BI
Rutana Province,BI
Ruyigi Province,BI
Banteay Meanchey,KH
Battambang,KH
Kampong Cham,KH
Kampong Chhnang,KH
Kampong Speu,KH
Kampong Thom,KH
Kampot,KH
Kandal,KH
Kep,KH
Koh Kong,KH
Kratie,KH
Mondulkiri,KH
Oddar Meanchey,KH
Pailin,KH
Phnom Penh,KH
Preah Vihear,KH
Prey Veng,KH
Pursat,KH
Ratanakiri,KH
Siem Reap,KH
Sihanoukville,KH
Stung Treng,KH
Svay Rieng,KH
Takeo,KH
Adamawa,CM
Centre,CM
East,CM
Far North,CM
Littoral,CM
North,CM
Northwest,CM
South,CM
Southwest,CM
West,CM
Alberta,CA
British Columbia,CA
Manitoba,CA
New Brunswick,CA
Newfoundland and Labrador,CA
Northwest Territories,CA
Nova Scotia,CA
Nunavut,CA
Ontario,CA
Prince Edward Island,CA
Quebec,CA
Saskatchewan,CA
Yukon,CA
Barlavento Islands,CV
Boa Vista,CV
Brava,CV
Maio Municipality,CV
Mosteiros,CV
Paul,CV
Porto Novo,CV
Praia,CV
Ribeira Brava Municipality,CV
Ribeira Grande,CV
Ribeira Grande de Santiago,CV
Sal,CV
Santa Catarina,CV
Santa Catarina do Fogo,CV
Santa Cruz,CV
São Domingos,CV
São Filipe,CV
São Lourenço dos Órgãos,CV
São Miguel,CV
São Vicente,CV
Sotavento Islands,CV
Tarrafal,CV
Tarrafal de São Nicolau,CV
Bamingui-Bangoran Prefecture,CF
Bangui,CF
Basse-Kotto Prefecture,CF
Haut-Mbomou Prefecture,CF
Haute-Kotto Prefecture,CF
Kémo Prefecture,CF
Lobaye Prefecture,CF
Mambéré-Kadéï,CF
Mbomou Prefecture,CF
Nana-Grébizi Economic Prefecture,CF
Nana-Mambéré Prefecture,CF
Ombella-M'Poko Prefecture,CF
Ouaka Prefecture,CF
Ouham Prefecture,CF
Ouham-Pendé Prefecture,CF
Sangha-Mbaéré,CF
Vakaga Prefecture,CF
Bahr el Gazel,TD
Batha,TD
Borkou,TD
Chari-Baguirmi,TD
Ennedi-Est,TD
Ennedi-Ouest,TD
Guéra,TD
Hadjer-Lamis,TD
Kanem,TD
Lac,TD
Logone Occidental,TD
Logone Oriental,TD
Mandoul,TD
Mayo-Kebbi Est,TD
Mayo-Kebbi Ouest,TD
Moyen-Chari,TD
N'Djamena,TD
Ouaddaï,TD
Salamat,TD
Sila,TD
Tandjilé,TD
Tibesti,TD
Wadi Fira,TD
Aisén del General Carlos Ibañez del Campo,CL
Antofagasta,CL
Arica y Parinacota,CL
Atacama,CL
Biobío,CL
Coquimbo,CL
La Araucanía,CL
Libertador General Bernardo O'Higgins,CL
Los Lagos,CL
Los Ríos,CL
Magallanes y de la Antártica Chilena,CL
Maule,CL
Ñuble,CL
Región Metropolitana de Santiago,CL
Tarapacá,CL
Valparaíso,CL
Anhui,CN
Beijing,CN
Chongqing,CN
Fujian,CN
Gansu,CN
Guangdong,CN
Guangxi Zhuang,CN
Guizhou,CN
Hainan,CN
Hebei,CN
Heilongjiang,CN
Henan,CN
Hong Kong SAR,CN
Hubei,CN
Hunan,CN
Inner Mongolia,CN
Jiangsu,CN
Jiangxi,CN
Jilin,CN
Liaoning,CN
Macau SAR,CN
Ningxia Huizu,CN
Qinghai,CN
Shaanxi,CN
Shandong,CN
Shanghai,CN
Shanxi,CN
Sichuan,CN
Taiwan,CN
Tianjin,CN
Xinjiang,CN
Xizang,CN
Yunnan,CN
Zhejiang,CN
Amazonas,CO
Antioquia,CO
Arauca,CO
Archipiélago de San Andrés. Providencia y Santa Catalina,CO
Atlántico,CO
Bogotá D.C.,CO
Bolívar,CO
Boyacá,CO
Caldas,CO
Caquetá,CO
Casanare,CO
Cauca,CO
Cesar,CO
Chocó,CO
Córdoba,CO
Cundinamarca,CO
Guainía,CO
Guaviare,CO
Huila,CO
La Guajira,CO
Magdalena,CO
Meta,CO
Nariño,CO
Norte de Santander,CO
Putumayo,CO
Quindío,CO
Risaralda,CO
Santander,CO
Sucre,CO
Tolima,CO
Valle del Cauca,CO
Vaupés,CO
Vichada,CO
Anjouan,KM
Grande Comore,KM
Mohéli,KM
Bouenza Department,CG
Brazzaville,CG
Cuvette Department,CG
Cuvette-Ouest Department,CG
Kouilou Department,CG
Lékoumou Department,CG
Likouala Department,CG
Niari Department,CG
Plateaux Department,CG
Pointe-Noire,CG
Pool Department,CG
Sangha Department,CG
Alajuela Province,CR
Guanacaste Province,CR
Heredia Province,CR
Limón Province,CR
Provincia de Cartago,CR
Puntarenas Province,CR
San José Province,CR
Abidjan,CI
Agnéby,CI
Bafing Region,CI
Bas-Sassandra District,CI
Bas-Sassandra Region,CI
Comoé District,CI
Denguélé District,CI
Denguélé Region,CI
Dix-Huit Montagnes,CI
Fromager,CI
Gôh-Djiboua District,CI
Haut-Sassandra,CI
Lacs District,CI
Lacs Region,CI
Lagunes District,CI
Lagunes region,CI
Marahoué Region,CI
Montagnes District,CI
Moyen-Cavally,CI
Moyen-Comoé,CI
N'zi-Comoé,CI
Sassandra-Marahoué District,CI
Savanes Region,CI
Sud-Bandama,CI
Sud-Comoé,CI
Vallée du Bandama District,CI
Vallée du Bandama Region,CI
Woroba District,CI
Worodougou,CI
Yamoussoukro,CI
Zanzan Region,CI
Bjelovar-Bilogora,HR
Brod-Posavina,HR
Dubrovnik-Neretva,HR
Istria,HR
Karlovac,HR
Koprivnica-Križevci,HR
Krapina-Zagorje,HR
Lika-Senj,HR
Međimurje,HR
Osijek-Baranja,HR
Požega-Slavonia,HR
Primorje-Gorski Kotar,HR
Šibenik-Knin,HR
Sisak-Moslavina,HR
Split-Dalmatia,HR
Varaždin,HR
Virovitica-Podravina,HR
Vukovar-Syrmia,HR
Zadar,HR
Zagreb,HR
Zagreb,HR
Artemisa Province,CU
Camagüey Province,CU
Ciego de Ávila Province,CU
Cienfuegos Province,CU
Granma Province,CU
Guantánamo Province,CU
Havana Province,CU
Holguín Province,CU
Isla de la Juventud,CU
Las Tunas Province,CU
Matanzas Province,CU
Mayabeque Province,CU
Pinar del Río Province,CU
Sancti Spíritus Province,CU
Santiago de Cuba Province,CU
Villa Clara Province,CU
Famagusta District (Mağusa),CY
Kyrenia District (Keryneia),CY
Larnaca District (Larnaka),CY
Limassol District (Leymasun),CY
Nicosia District (Lefkoşa),CY
Paphos District (Pafos),CY
Benešov,CZ
Beroun,CZ
Blansko,CZ
Břeclav,CZ
Brno-město,CZ
Brno-venkov,CZ
Bruntál,CZ
Česká Lípa,CZ
České Budějovice,CZ
Český Krumlov,CZ
Cheb,CZ
Chomutov,CZ
Chrudim,CZ
Děčín,CZ
Domažlice,CZ
Frýdek-Místek,CZ
Havlíčkův Brod,CZ
Hodonín,CZ
Hradec Králové,CZ
Jablonec nad Nisou,CZ
Jeseník,CZ
Jičín,CZ
Jihlava,CZ
Jihočeský kraj,CZ
Jihomoravský kraj,CZ
Jindřichův Hradec,CZ
Karlovarský kraj,CZ
Karlovy Vary,CZ
Karviná,CZ
Kladno,CZ
Klatovy,CZ
Kolín,CZ
Kraj Vysočina,CZ
Královéhradecký kraj,CZ
Kroměříž,CZ
Kutná Hora,CZ
Liberec,CZ
Liberecký kraj,CZ
Litoměřice,CZ
Louny,CZ
Mělník,CZ
Mladá Boleslav,CZ
Moravskoslezský kraj,CZ
Most,CZ
Náchod,CZ
Nový Jičín,CZ
Nymburk,CZ
Olomouc,CZ
Olomoucký kraj,CZ
Opava,CZ
Ostrava-město,CZ
Pardubice,CZ
Pardubický kraj,CZ
Pelhřimov,CZ
Písek,CZ
Plzeň-jih,CZ
Plzeň-město,CZ
Plzeň-sever,CZ
Plzeňský kraj,CZ
Prachatice,CZ
Praha-východ,CZ
Praha-západ,CZ
Praha. Hlavní město,CZ
Přerov,CZ
Příbram,CZ
Prostějov,CZ
Rakovník,CZ
Rokycany,CZ
Rychnov nad Kněžnou,CZ
Semily,CZ
Sokolov,CZ
Strakonice,CZ
Středočeský kraj,CZ
Šumperk,CZ
Svitavy,CZ
Tábor,CZ
Tachov,CZ
Teplice,CZ
Třebíč,CZ
Trutnov,CZ
Uherské Hradiště,CZ
Ústecký kraj,CZ
Ústí nad Labem,CZ
Ústí nad Orlicí,CZ
Vsetín,CZ
Vyškov,CZ
Žďár nad Sázavou,CZ
Zlín,CZ
Zlínský kraj,CZ
Znojmo,CZ
Bas-Uélé,CD
Équateur,CD
Haut-Katanga,CD
Haut-Lomami,CD
Haut-Uélé,CD
Ituri,CD
Kasaï,CD
Kasaï Central,CD
Kasaï Oriental,CD
Kinshasa,CD
Kongo Central,CD
Kwango,CD
Kwilu,CD
Lomami,CD
Lualaba,CD
Mai-Ndombe,CD
Maniema,CD
Mongala,CD
Nord-Kivu,CD
Nord-Ubangi,CD
Sankuru,CD
Sud-Kivu,CD
Sud-Ubangi,CD
Tanganyika,CD
Tshopo,CD
Tshuapa,CD
Capital Region of Denmark,DK
Central Denmark Region,DK
North Denmark Region,DK
Region of Southern Denmark,DK
Region Zealand,DK
Ali Sabieh Region,DJ
Arta Region,DJ
Dikhil Region,DJ
Djibouti,DJ
Obock Region,DJ
Tadjourah Region,DJ
Saint Andrew Parish,DM
Saint David Parish,DM
Saint George Parish,DM
Saint John Parish,DM
Saint Joseph Parish,DM
Saint Luke Parish,DM
Saint Mark Parish,DM
Saint Patrick Parish,DM
Saint Paul Parish,DM
Saint Peter Parish,DM
Azua Province,DO
Baoruco Province,DO
Barahona Province,DO
Dajabón Province,DO
Distrito Nacional,DO
Duarte Province,DO
El Seibo Province,DO
Espaillat Province,DO
Hato Mayor Province,DO
Hermanas Mirabal Province,DO
Independencia,DO
La Altagracia Province,DO
La Romana Province,DO
La Vega Province,DO
María Trinidad Sánchez Province,DO
Monseñor Nouel Province,DO
Monte Cristi Province,DO
Monte Plata Province,DO
Pedernales Province,DO
Peravia Province,DO
Puerto Plata Province,DO
Samaná Province,DO
San Cristóbal Province,DO
San José de Ocoa Province,DO
San Juan Province,DO
San Pedro de Macorís,DO
Sánchez Ramírez Province,DO
Santiago Province,DO
Santiago Rodríguez Province,DO
Santo Domingo Province,DO
Valverde Province,DO
Aileu municipality,TL
Ainaro Municipality,TL
Baucau Municipality,TL
Bobonaro Municipality,TL
Cova Lima Municipality,TL
Dili municipality,TL
Ermera District,TL
Lautém Municipality,TL
Liquiçá Municipality,TL
Manatuto District,TL
Manufahi Municipality,TL
Viqueque Municipality,TL
Azuay,EC
Bolívar,EC
Cañar,EC
Carchi,EC
Chimborazo,EC
Cotopaxi,EC
El Oro,EC
Esmeraldas,EC
Galápagos,EC
Guayas,EC
Imbabura,EC
Loja,EC
Los Ríos,EC
Manabí,EC
Morona-Santiago,EC
Napo,EC
Orellana,EC
Pastaza,EC
Pichincha,EC
Santa Elena,EC
Santo Domingo de los Tsáchilas,EC
Sucumbíos,EC
Tungurahua,EC
Zamora Chinchipe,EC
Alexandria,EG
Aswan,EG
Asyut,EG
Beheira,EG
Beni Suef,EG
Cairo,EG
Dakahlia,EG
Damietta,EG
Faiyum,EG
Gharbia,EG
Giza,EG
Ismailia,EG
Kafr el-Sheikh,EG
Luxor,EG
Matrouh,EG
Minya,EG
Monufia,EG
New Valley,EG
North Sinai,EG
Port Said,EG
Qalyubia,EG
Qena,EG
Red Sea,EG
Sharqia,EG
Sohag,EG
South Sinai,EG
Suez,EG
Ahuachapán Department,SV
Cabañas Department,SV
Chalatenango Department,SV
Cuscatlán Department,SV
La Libertad Department,SV
La Paz Department,SV
La Unión Department,SV
Morazán Department,SV
San Miguel Department,SV
San Salvador Department,SV
San Vicente Department,SV
Santa Ana Department,SV
Sonsonate Department,SV
Usulután Department,SV
Annobón Province,GQ
Bioko Norte Province,GQ
Bioko Sur Province,GQ
Centro Sur Province,GQ
Insular Region,GQ
Kié-Ntem Province,GQ
Litoral Province,GQ
Río Muni,GQ
Wele-Nzas Province,GQ
Anseba Region,ER
Debub Region,ER
Gash-Barka Region,ER
Maekel Region,ER
Northern Red Sea Region,ER
Southern Red Sea Region,ER
Harju County,EE
Hiiu County,EE
Ida-Viru County,EE
Järva County,EE
Jõgeva County,EE
Lääne County,EE
Lääne-Viru County,EE
Pärnu County,EE
Põlva County,EE
Rapla County,EE
Saare County,EE
Tartu County,EE
Valga County,EE
Viljandi County,EE
Võru County,EE
Addis Ababa,ET
Afar Region,ET
Amhara Region,ET
Benishangul-Gumuz Region,ET
Dire Dawa,ET
Gambela Region,ET
Harari Region,ET
Oromia Region,ET
Somali Region,ET
Southern Nations. Nationalities. and Peoples' Region,ET
Tigray Region,ET
Ba,FJ
Bua,FJ
Cakaudrove,FJ
Central Division,FJ
Eastern Division,FJ
Kadavu,FJ
Lau,FJ
Lomaiviti,FJ
Macuata,FJ
Nadroga-Navosa,FJ
Naitasiri,FJ
Namosi,FJ
Northern Division,FJ
Ra,FJ
Rewa,FJ
Rotuma,FJ
Serua,FJ
Tailevu,FJ
Western Division,FJ
Åland Islands,FI
Central Finland,FI
Central Ostrobothnia,FI
Finland Proper,FI
Kainuu,FI
Kymenlaakso,FI
Lapland,FI
North Karelia,FI
Northern Ostrobothnia,FI
Northern Savonia,FI
Ostrobothnia,FI
Päijänne Tavastia,FI
Pirkanmaa,FI
Satakunta,FI
South Karelia,FI
Southern Ostrobothnia,FI
Southern Savonia,FI
Tavastia Proper,FI
Uusimaa,FI
Ain,FR
Aisne,FR
Allier,FR
Alpes-de-Haute-Provence,FR
Alpes-Maritimes,FR
Alsace,FR
Ardèche,FR
Ardennes,FR
Ariège,FR
Aube,FR
Aude,FR
Auvergne-Rhône-Alpes,FR
Aveyron,FR
Bas-Rhin,FR
Bouches-du-Rhône,FR
Bourgogne-Franche-Comté,FR
Bretagne,FR
Calvados,FR
Cantal,FR
Centre-Val de Loire,FR
Charente,FR
Charente-Maritime,FR
Cher,FR
Clipperton,FR
Corrèze,FR
Corse,FR
Corse-du-Sud,FR
Côte-d'Or,FR
Côtes-d'Armor,FR
Creuse,FR
Deux-Sèvres,FR
Dordogne,FR
Doubs,FR
Drôme,FR
Essonne,FR
Eure,FR
Eure-et-Loir,FR
Finistère,FR
French Guiana,FR
French Polynesia,FR
French Southern and Antarctic Lands,FR
Gard,FR
Gers,FR
Gironde,FR
Grand-Est,FR
Guadeloupe,FR
Haut-Rhin,FR
Haute-Corse,FR
Haute-Garonne,FR
Haute-Loire,FR
Haute-Marne,FR
Haute-Saône,FR
Haute-Savoie,FR
Haute-Vienne,FR
Hautes-Alpes,FR
Hautes-Pyrénées,FR
Hauts-de-France,FR
Hauts-de-Seine,FR
Hérault,FR
Île-de-France,FR
Ille-et-Vilaine,FR
Indre,FR
Indre-et-Loire,FR
Isère,FR
Jura,FR
La Réunion,FR
Landes,FR
Loir-et-Cher,FR
Loire,FR
Loire-Atlantique,FR
Loiret,FR
Lot,FR
Lot-et-Garonne,FR
Lozère,FR
Maine-et-Loire,FR
Manche,FR
Marne,FR
Martinique,FR
Mayenne,FR
Mayotte,FR
Métropole de Lyon,FR
Meurthe-et-Moselle,FR
Meuse,FR
Morbihan,FR
Moselle,FR
Nièvre,FR
Nord,FR
Normandie,FR
Nouvelle-Aquitaine,FR
Occitanie,FR
Oise,FR
Orne,FR
Paris,FR
Pas-de-Calais,FR
Pays-de-la-Loire,FR
Provence-Alpes-Côte-d’Azur,FR
Puy-de-Dôme,FR
Pyrénées-Atlantiques,FR
Pyrénées-Orientales,FR
Rhône,FR
Saint Pierre and Miquelon,FR
Saint-Barthélemy,FR
Saint-Martin,FR
Saône-et-Loire,FR
Sarthe,FR
Savoie,FR
Seine-et-Marne,FR
Seine-Maritime,FR
Seine-Saint-Denis,FR
Somme,FR
Tarn,FR
Tarn-et-Garonne,FR
Territoire de Belfort,FR
Val-d'Oise,FR
Val-de-Marne,FR
Var,FR
Vaucluse,FR
Vendée,FR
Vienne,FR
Vosges,FR
Wallis and Futuna,FR
Yonne,FR
Yvelines,FR
Estuaire Province,GA
Haut-Ogooué Province,GA
Moyen-Ogooué Province,GA
Ngounié Province,GA
Nyanga Province,GA
Ogooué-Ivindo Province,GA
Ogooué-Lolo Province,GA
Ogooué-Maritime Province,GA
Woleu-Ntem Province,GA
Banjul,GM
Central River Division,GM
Lower River Division,GM
North Bank Division,GM
Upper River Division,GM
West Coast Division,GM
Adjara,GE
Autonomous Republic of Abkhazia,GE
Guria,GE
Imereti,GE
Kakheti,GE
Khelvachauri Municipality,GE
Kvemo Kartli,GE
Mtskheta-Mtianeti,GE
Racha-Lechkhumi and Kvemo Svaneti,GE
Samegrelo-Zemo Svaneti,GE
Samtskhe-Javakheti,GE
Senaki Municipality,GE
Shida Kartli,GE
Tbilisi,GE
Baden-Württemberg,DE
Bavaria,DE
Berlin,DE
Brandenburg,DE
Bremen,DE
Hamburg,DE
Hesse,DE
Lower Saxony,DE
Mecklenburg-Vorpommern,DE
North Rhine-Westphalia,DE
Rhineland-Palatinate,DE
Saarland,DE
Saxony,DE
Saxony-Anhalt,DE
Schleswig-Holstein,DE
Thuringia,DE
Ahafo,GH
Ashanti,GH
Bono,GH
Bono East,GH
Central,GH
Eastern,GH
Greater Accra,GH
North East,GH
Northern,GH
Oti,GH
Savannah,GH
Upper East,GH
Upper West,GH
Volta,GH
Western,GH
Western North,GH
Achaea Regional Unit,GR
Aetolia-Acarnania Regional Unit,GR
Arcadia Prefecture,GR
Argolis Regional Unit,GR
Attica Region,GR
Boeotia Regional Unit,GR
Central Greece Region,GR
Central Macedonia,GR
Chania Regional Unit,GR
Corfu Prefecture,GR
Corinthia Regional Unit,GR
Crete Region,GR
Drama Regional Unit,GR
East Attica Regional Unit,GR
East Macedonia and Thrace,GR
Epirus Region,GR
Euboea,GR
Grevena Prefecture,GR
Imathia Regional Unit,GR
Ioannina Regional Unit,GR
Ionian Islands Region,GR
Karditsa Regional Unit,GR
Kastoria Regional Unit,GR
Kefalonia Prefecture,GR
Kilkis Regional Unit,GR
Kozani Prefecture,GR
Laconia,GR
Larissa Prefecture,GR
Lefkada Regional Unit,GR
Pella Regional Unit,GR
Peloponnese Region,GR
Phthiotis Prefecture,GR
Preveza Prefecture,GR
Serres Prefecture,GR
South Aegean,GR
Thessaloniki Regional Unit,GR
West Greece Region,GR
West Macedonia Region,GR
Carriacou and Petite Martinique,GD
Saint Andrew Parish,GD
Saint David Parish,GD
Saint George Parish,GD
Saint John Parish,GD
Saint Mark Parish,GD
Saint Patrick Parish,GD
Alta Verapaz Department,GT
Baja Verapaz Department,GT
Chimaltenango Department,GT
Chiquimula Department,GT
El Progreso Department,GT
Escuintla Department,GT
Guatemala Department,GT
Huehuetenango Department,GT
Izabal Department,GT
Jalapa Department,GT
Jutiapa Department,GT
Petén Department,GT
Quetzaltenango Department,GT
Quiché Department,GT
Retalhuleu Department,GT
Sacatepéquez Department,GT
San Marcos Department,GT
Santa Rosa Department,GT
Sololá Department,GT
Suchitepéquez Department,GT
Totonicapán Department,GT
Beyla Prefecture,GN
Boffa Prefecture,GN
Boké Prefecture,GN
Boké Region,GN
Conakry,GN
Coyah Prefecture,GN
Dabola Prefecture,GN
Dalaba Prefecture,GN
Dinguiraye Prefecture,GN
Dubréka Prefecture,GN
Faranah Prefecture,GN
Forécariah Prefecture,GN
Fria Prefecture,GN
Gaoual Prefecture,GN
Guéckédou Prefecture,GN
Kankan Prefecture,GN
Kankan Region,GN
Kérouané Prefecture,GN
Kindia Prefecture,GN
Kindia Region,GN
Kissidougou Prefecture,GN
Koubia Prefecture,GN
Koundara Prefecture,GN
Kouroussa Prefecture,GN
Labé Prefecture,GN
Labé Region,GN
Lélouma Prefecture,GN
Lola Prefecture,GN
Macenta Prefecture,GN
Mali Prefecture,GN
Mamou Prefecture,GN
Mamou Region,GN
Mandiana Prefecture,GN
Nzérékoré Prefecture,GN
Nzérékoré Region,GN
Pita Prefecture,GN
Siguiri Prefecture,GN
Télimélé Prefecture,GN
Tougué Prefecture,GN
Yomou Prefecture,GN
Bafatá,GW
Biombo Region,GW
Bolama Region,GW
Cacheu Region,GW
Gabú Region,GW
Leste Province,GW
Norte Province,GW
Oio Region,GW
Quinara Region,GW
Sul Province,GW
Tombali Region,GW
Barima-Waini,GY
Cuyuni-Mazaruni,GY
Demerara-Mahaica,GY
East Berbice-Corentyne,GY
Essequibo Islands-West Demerara,GY
Mahaica-Berbice,GY
Pomeroon-Supenaam,GY
Potaro-Siparuni,GY
Upper Demerara-Berbice,GY
Upper Takutu-Upper Essequibo,GY
Artibonite,HT
Centre,HT
Grand'Anse,HT
Nippes,HT
Nord,HT
Nord-Est,HT
Nord-Ouest,HT
Ouest,HT
Sud,HT
Sud-Est,HT
Atlántida Department,HN
Bay Islands Department,HN
Choluteca Department,HN
Colón Department,HN
Comayagua Department,HN
Copán Department,HN
Cortés Department,HN
El Paraíso Department,HN
Francisco Morazán Department,HN
Gracias a Dios Department,HN
Intibucá Department,HN
La Paz Department,HN
Lempira Department,HN
Ocotepeque Department,HN
Olancho Department,HN
Santa Bárbara Department,HN
Valle Department,HN
Yoro Department,HN
Central and Western District,HK
Eastern,HK
Islands District,HK
Kowloon City,HK
Kwai Tsing,HK
Kwun Tong,HK
North,HK
Sai Kung District,HK
Sha Tin,HK
Sham Shui Po,HK
Southern,HK
Tai Po District,KH
Tsuen Wan District,HK
Tuen Mun,HK
Wan Chai,HK
Wong Tai Sin,HK
Yau Tsim Mong,HK
Yuen Long District,HK
Bács-Kiskun,HU
Baranya,HU
Békés,HU
Békéscsaba,HU
Borsod-Abaúj-Zemplén,HU
Budapest,HU
Csongrád County,HU
Debrecen,HU
Dunaújváros,HU
Eger,HU
Érd,HU
Fejér County,HU
Győr,HU
Győr-Moson-Sopron County,HU
Hajdú-Bihar County,HU
Heves County,HU
Hódmezővásárhely,HU
Jász-Nagykun-Szolnok County,HU
Kaposvár,HU
Kecskemét,HU
Komárom-Esztergom,HU
Miskolc,HU
Nagykanizsa,HU
Nógrád County,HU
Nyíregyháza,HU
Pécs,HU
Pest County,HU
Salgótarján,HU
Somogy County,HU
Sopron,HU
Szabolcs-Szatmár-Bereg County,HU
Szeged,HU
Székesfehérvár,HU
Szekszárd,HU
Szolnok,HU
Szombathely,HU
Tatabánya,HU
Tolna County,HU
Vas County,HU
Veszprém,HU
Veszprém County,HU
Zala County,HU
Zalaegerszeg,HU
Capital Region,IS
Eastern Region,IS
Northeastern Region,IS
Northwestern Region,IS
Southern Peninsula Region,IS
Southern Region,IS
Western Region,IS
Westfjords,IS
Andaman and Nicobar Islands,IN
Andhra Pradesh,IN
Arunachal Pradesh,IN
Assam,IN
Bihar,IN
Chandigarh,IN
Chhattisgarh,IN
Dadra and Nagar Haveli and Daman and Diu,IN
Delhi,IN
Goa,IN
Gujarat,IN
Haryana,IN
Himachal Pradesh,IN
Jammu and Kashmir,IN
Jharkhand,IN
Karnataka,IN
Kerala,IN
Ladakh,IN
Lakshadweep,IN
Madhya Pradesh,IN
Maharashtra,IN
Manipur,IN
Meghalaya,IN
Mizoram,IN
Nagaland,IN
Odisha,IN
Puducherry,IN
Punjab,IN
Rajasthan,IN
Sikkim,IN
Tamil Nadu,IN
Telangana,IN
Tripura,IN
Uttar Pradesh,IN
Uttarakhand,IN
West Bengal,IN
Aceh,ID
Bali,ID
Banten,ID
Bengkulu,ID
DI Yogyakarta,ID
DKI Jakarta,ID
Gorontalo,ID
Jambi,ID
Jawa Barat,ID
Jawa Tengah,ID
Jawa Timur,ID
Kalimantan Barat,ID
Kalimantan Selatan,ID
Kalimantan Tengah,ID
Kalimantan Timur,ID
Kalimantan Utara,ID
Kepulauan Bangka Belitung,ID
Kepulauan Riau,ID
Lampung,ID
Maluku,ID
Maluku Utara,ID
Nusa Tenggara Barat,ID
Nusa Tenggara Timur,ID
Papua,ID
Papua Barat,ID
Riau,ID
Sulawesi Barat,ID
Sulawesi Selatan,ID
Sulawesi Tengah,ID
Sulawesi Tenggara,ID
Sulawesi Utara,ID
Sumatera Barat,ID
Sumatera Selatan,ID
Sumatera Utara,ID
Alborz,IR
Ardabil,IR
Bushehr,IR
Chaharmahal and Bakhtiari,IR
East Azerbaijan,IR
Fars,IR
Gilan,IR
Golestan,IR
Hamadan,IR
Hormozgan,IR
Ilam,IR
Isfahan,IR
Kerman,IR
Kermanshah,IR
Khuzestan,IR
Kohgiluyeh and Boyer-Ahmad,IR
Kurdistan,IR
Lorestan,IR
Markazi,IR
Mazandaran,IR
North Khorasan,IR
Qazvin,IR
Qom,IR
Razavi Khorasan,IR
Semnan,IR
Sistan and Baluchestan,IR
South Khorasan,IR
Tehran,IR
West Azarbaijan,IR
Yazd,IR
Zanjan,IR
Al Anbar,IQ
Al Muthanna,IQ
Al-Qādisiyyah,IQ
Babylon,IQ
Baghdad,IQ
Basra,IQ
Dhi Qar,IQ
Diyala,IQ
Dohuk,IQ
Erbil,IQ
Karbala,IQ
Kirkuk,IQ
Maysan,IQ
Najaf,IQ
Nineveh,IQ
Saladin,IQ
Sulaymaniyah,IQ
Wasit,IQ
Carlow,IE
Cavan,IE
Clare,IE
Connacht,IE
Cork,IE
Donegal,IE
Dublin,IE
Galway,IE
Kerry,IE
Kildare,IE
Kilkenny,IE
Laois,IE
Leinster,IE
Limerick,IE
Longford,IE
Louth,IE
Mayo,IE
Meath,IE
Monaghan,IE
Munster,IE
Offaly,IE
Roscommon,IE
Sligo,IE
Tipperary,IE
Ulster,IE
Waterford,IE
Westmeath,IE
Wexford,IE
Wicklow,IE
Central District,IL
Haifa District,IL
Jerusalem District,IL
Northern District,IL
Southern District,IL
Tel Aviv District,IL
Abruzzo,IT
Agrigento,IT
Alessandria,IT
Ancona,IT
Aosta Valley,IT
Apulia,IT
Ascoli Piceno,IT
Asti,IT
Avellino,IT
Barletta-Andria-Trani,IT
Basilicata,IT
Belluno,IT
Benevento,IT
Bergamo,IT
Biella,IT
Brescia,IT
Brindisi,IT
Calabria,IT
Caltanissetta,IT
Campania,IT
Campobasso,IT
Caserta,IT
Catanzaro,IT
Chieti,IT
Como,IT
Cosenza,IT
Cremona,IT
Crotone,IT
Cuneo,IT
Emilia-Romagna,IT
Enna,IT
Fermo,IT
Ferrara,IT
Foggia,IT
Forlì-Cesena,IT
Friuli–Venezia Giulia,IT
Frosinone,IT
Gorizia,IT
Grosseto,IT
Imperia,IT
Isernia,IT
L'Aquila,IT
La Spezia,IT
Latina,IT
Lazio,IT
Lecce,IT
Lecco,IT
Liguria,IT
Livorno,IT
Lodi,IT
Lombardy,IT
Lucca,IT
Macerata,IT
Mantua,IT
Marche,IT
Massa and Carrara,IT
Matera,IT
Medio Campidano,IT
Modena,IT
Molise,IT
Monza and Brianza,IT
Novara,IT
Nuoro,IT
Oristano,IT
Padua,IT
Palermo,IT
Parma,IT
Pavia,IT
Perugia,IT
Pesaro and Urbino,IT
Pescara,IT
Piacenza,IT
Piedmont,IT
Pisa,IT
Pistoia,IT
Pordenone,IT
Potenza,IT
Prato,IT
Ragusa,IT
Ravenna,IT
Reggio Emilia,IT
Rieti,IT
Rimini,IT
Rovigo,IT
Salerno,IT
Sardinia,IT
Sassari,IT
Savona,IT
Sicily,IT
Siena,IT
Siracusa,IT
Sondrio,IT
South Sardinia,IT
Taranto,IT
Teramo,IT
Terni,IT
Trapani,IT
Trentino-South Tyrol,IT
Treviso,IT
Trieste,IT
Tuscany,IT
Udine,IT
Umbria,IT
Varese,IT
Veneto,IT
Verbano-Cusio-Ossola,IT
Vercelli,IT
Verona,IT
Vibo Valentia,IT
Vicenza,IT
Viterbo,IT
Clarendon Parish,JM
Hanover Parish,JM
Kingston Parish,JM
Manchester Parish,JM
Portland Parish,JM
Saint Andrew,JM
Saint Ann Parish,JM
Saint Catherine Parish,JM
Saint Elizabeth Parish,JM
Saint James Parish,JM
Saint Mary Parish,JM
Saint Thomas Parish,JM
Trelawny Parish,JM
Westmoreland Parish,JM
Aichi Prefecture,JP
Akita Prefecture,JP
Aomori Prefecture,JP
Chiba Prefecture,JP
Ehime Prefecture,JP
Fukui Prefecture,JP
Fukuoka Prefecture,JP
Fukushima Prefecture,JP
Gifu Prefecture,JP
Gunma Prefecture,JP
Hiroshima Prefecture,JP
Hokkaidō Prefecture,JP
Hyōgo Prefecture,JP
Ibaraki Prefecture,JP
Ishikawa Prefecture,JP
Iwate Prefecture,JP
Kagawa Prefecture,JP
Kagoshima Prefecture,JP
Kanagawa Prefecture,JP
Kōchi Prefecture,JP
Kumamoto Prefecture,JP
Kyōto Prefecture,JP
Mie Prefecture,JP
Miyagi Prefecture,JP
Miyazaki Prefecture,JP
Nagano Prefecture,JP
Nagasaki Prefecture,JP
Nara Prefecture,JP
Niigata Prefecture,JP
Ōita Prefecture,JP
Okayama Prefecture,JP
Okinawa Prefecture,JP
Ōsaka Prefecture,JP
Saga Prefecture,JP
Saitama Prefecture,JP
Shiga Prefecture,JP
Shimane Prefecture,JP
Shizuoka Prefecture,JP
Tochigi Prefecture,JP
Tokushima Prefecture,JP
Tokyo,JP
Tottori Prefecture,JP
Toyama Prefecture,JP
Wakayama Prefecture,JP
Yamagata Prefecture,JP
Yamaguchi Prefecture,JP
Yamanashi Prefecture,JP
Ajloun,JO
Amman,JO
Aqaba,JO
Balqa,JO
Irbid,JO
Jerash,JO
Karak,JO
Ma'an,JO
Madaba,JO
Mafraq,JO
Tafilah,JO
Zarqa,JO
Akmola Region,KZ
Aktobe Region,KZ
Almaty,KZ
Almaty Region,KZ
Atyrau Region,KZ
Baikonur,KZ
East Kazakhstan Region,KZ
Jambyl Region,KZ
Karaganda Region,KZ
Kostanay Region,KZ
Kyzylorda Region,KZ
Mangystau Region,KZ
North Kazakhstan Region,KZ
Nur-Sultan,KZ
Pavlodar Region,KZ
Turkestan Region,KZ
West Kazakhstan Province,KZ
Baringo,KE
Bomet,KE
Bungoma,KE
Busia,KE
Elgeyo-Marakwet,KE
Embu,KE
Garissa,KE
Homa Bay,KE
Isiolo,KE
Kajiado,KE
Kakamega,KE
Kericho,KE
Kiambu,KE
Kilifi,KE
Kirinyaga,KE
Kisii,KE
Kisumu,KE
Kitui,KE
Kwale,KE
Laikipia,KE
Lamu,KE
Machakos,KE
Makueni,KE
Mandera,KE
Marsabit,KE
Meru,KE
Migori,KE
Mombasa,KE
Murang'a,KE
Nairobi City,KE
Nakuru,KE
Nandi,KE
Narok,KE
Nyamira,KE
Nyandarua,KE
Nyeri,KE
Samburu,KE
Siaya,KE
Taita–Taveta,KE
Tana River,KE
Tharaka-Nithi,KE
Trans Nzoia,KE
Turkana,KE
Uasin Gishu,KE
Vihiga,KE
Wajir,KE
West Pokot,KE
Gilbert Islands,KI
Line Islands,KI
Phoenix Islands,KI
Đakovica District (Gjakove),XK
Gjilan District,XK
Kosovska Mitrovica District,XK
Peć District,XK
Pristina (Priştine),XK
Prizren District,XK
Uroševac District (Ferizaj),XK
Al Ahmadi,KW
Al Farwaniyah,KW
Al Jahra,KW
Capital,KW
Hawalli,KW
Mubarak Al-Kabeer,KW
Batken Region,KG
Bishkek,KG
Chuy Region,KG
Issyk-Kul Region,KG
Jalal-Abad Region,KG
Naryn Region,KG
Osh,KG
Osh Region,KG
Talas Region,KG
Attapeu Province,LA
Bokeo Province,LA
Bolikhamsai Province,LA
Champasak Province,LA
Houaphanh Province,LA
Khammouane Province,LA
Luang Namtha Province,LA
Luang Prabang Province,LA
Oudomxay Province,LA
Phongsaly Province,LA
Sainyabuli Province,LA
Salavan Province,LA
Savannakhet Province,LA
Sekong Province,LA
Vientiane Prefecture,LA
Vientiane Province,LA
Xaisomboun,LA
Xaisomboun Province,LA
Xiangkhouang Province,LA
Aglona Municipality,LV
Aizkraukle Municipality,LV
Aizpute Municipality,LV
Aknīste Municipality,LV
Aloja Municipality,LV
Alsunga Municipality,LV
Alūksne Municipality,LV
Amata Municipality,LV
Ape Municipality,LV
Auce Municipality,LV
Babīte Municipality,LV
Baldone Municipality,LV
Baltinava Municipality,LV
Balvi Municipality,LV
Bauska Municipality,LV
Beverīna Municipality,LV
Brocēni Municipality,LV
Burtnieki Municipality,LV
Carnikava Municipality,LV
Cēsis Municipality,LV
Cesvaine Municipality,LV
Cibla Municipality,LV
Dagda Municipality,LV
Daugavpils,LV
Daugavpils Municipality,LV
Dobele Municipality,LV
Dundaga Municipality,LV
Durbe Municipality,LV
Engure Municipality,LV
Ērgļi Municipality,LV
Garkalne Municipality,LV
Grobiņa Municipality,LV
Gulbene Municipality,LV
Iecava Municipality,LV
Ikšķile Municipality,LV
Ilūkste Municipality,LV
Inčukalns Municipality,LV
Jaunjelgava Municipality,LV
Jaunpiebalga Municipality,LV
Jaunpils Municipality,LV
Jēkabpils,LV
Jēkabpils Municipality,LV
Jelgava,LV
Jelgava Municipality,LV
Jūrmala,LV
Kandava Municipality,LV
Kārsava Municipality,LV
Ķegums Municipality,LV
Ķekava Municipality,LV
Kocēni Municipality,LV
Koknese Municipality,LV
Krāslava Municipality,LV
Krimulda Municipality,LV
Krustpils Municipality,LV
Kuldīga Municipality,LV
Lielvārde Municipality,LV
Liepāja,LV
Līgatne Municipality,LV
Limbaži Municipality,LV
Līvāni Municipality,LV
Lubāna Municipality,LV
Ludza Municipality,LV
Madona Municipality,LV
Mālpils Municipality,LV
Mārupe Municipality,LV
Mazsalaca Municipality,LV
Mērsrags Municipality,LV
Naukšēni Municipality,LV
Nereta Municipality,LV
Nīca Municipality,LV
Ogre Municipality,LV
Olaine Municipality,LV
Ozolnieki Municipality,LV
Pārgauja Municipality,LV
Pāvilosta Municipality,LV
Pļaviņas Municipality,LV
Preiļi Municipality,LV
Priekule Municipality,LV
Priekuļi Municipality,LV
Rauna Municipality,LV
Rēzekne,LV
Rēzekne Municipality,LV
Riebiņi Municipality,LV
Riga,LV
Roja Municipality,LV
Ropaži Municipality,LV
Rucava Municipality,LV
Rugāji Municipality,LV
Rūjiena Municipality,LV
Rundāle Municipality,LV
Sala Municipality,LV
Salacgrīva Municipality,LV
Salaspils Municipality,LV
Saldus Municipality,LV
Saulkrasti Municipality,LV
Sēja Municipality,LV
Sigulda Municipality,LV
Skrīveri Municipality,LV
Skrunda Municipality,LV
Smiltene Municipality,LV
Stopiņi Municipality,LV
Strenči Municipality,LV
Talsi Municipality,LV
Tērvete Municipality,LV
Tukums Municipality,LV
Vaiņode Municipality,LV
Valka Municipality,LV
Valmiera,LV
Varakļāni Municipality,LV
Vārkava Municipality,LV
Vecpiebalga Municipality,LV
Vecumnieki Municipality,LV
Ventspils,LV
Ventspils Municipality,LV
Viesīte Municipality,LV
Viļaka Municipality,LV
Viļāni Municipality,LV
Zilupe Municipality,LV
Akkar,LB
Baalbek-Hermel,LB
Beirut,LB
Beqaa,LB
Mount Lebanon,LB
Nabatieh,LB
North,LB
South,LB
Berea District,LS
Butha-Buthe District,LS
Leribe District,LS
Mafeteng District,LS
Maseru District,LS
Mohale's Hoek District,LS
Mokhotlong District,LS
Qacha's Nek District,LS
Quthing District,LS
Thaba-Tseka District,LS
Bomi County,LR
Bong County,LR
Gbarpolu County,LR
Grand Bassa County,LR
Grand Cape Mount County,LR
Grand Gedeh County,LR
Grand Kru County,LR
Lofa County,LR
Margibi County,LR
Maryland County,LR
Montserrado County,LR
Nimba,LR
River Cess County,LR
River Gee County,LR
Sinoe County,LR
Al Wahat District,LY
Benghazi,LY
Derna District,LY
Ghat District,LY
Jabal al Akhdar,LY
Jabal al Gharbi District,LY
Jafara,LY
Jufra,LY
Kufra District,LY
Marj District,LY
Misrata District,LY
Murqub,LY
Murzuq District,LY
Nalut District,LY
Nuqat al Khams,LY
Sabha District,LY
Sirte District,LY
Tripoli District,LY
Wadi al Hayaa District,LY
Wadi al Shatii District,LY
Zawiya District,LY
Balzers,LI
Eschen,LI
Gamprin,LI
Mauren,LI
Planken,LI
Ruggell,LI
Schaan,LI
Schellenberg,LI
Triesen,LI
Triesenberg,LI
Vaduz,LI
Akmenė District Municipality,LT
Alytus City Municipality,LT
Alytus County,LT
Alytus District Municipality,LT
Birštonas Municipality,LT
Biržai District Municipality,LT
Druskininkai municipality,LT
Elektrėnai municipality,LT
Ignalina District Municipality,LT
Jonava District Municipality,LT
Joniškis District Municipality,LT
Jurbarkas District Municipality,LT
Kaišiadorys District Municipality,LT
Kalvarija municipality,LT
Kaunas City Municipality,LT
Kaunas County,LT
Kaunas District Municipality,LT
Kazlų Rūda municipality,LT
Kėdainiai District Municipality,LT
Kelmė District Municipality,LT
Klaipeda City Municipality,LT
Klaipėda County,LT
Klaipėda District Municipality,LT
Kretinga District Municipality,LT
Kupiškis District Municipality,LT
Lazdijai District Municipality,LT
Marijampolė County,LT
Marijampolė Municipality,LT
Mažeikiai District Municipality,LT
Molėtai District Municipality,LT
Neringa Municipality,LT
Pagėgiai municipality,LT
Pakruojis District Municipality,LT
Palanga City Municipality,LT
Panevėžys City Municipality,LT
Panevėžys County,LT
Panevėžys District Municipality,LT
Pasvalys District Municipality,LT
Plungė District Municipality,LT
Prienai District Municipality,LT
Radviliškis District Municipality,LT
Raseiniai District Municipality,LT
Rietavas municipality,LT
Rokiškis District Municipality,LT
Šakiai District Municipality,LT
Šalčininkai District Municipality,LT
Šiauliai City Municipality,LT
Šiauliai County,LT
Šiauliai District Municipality,LT
Šilalė District Municipality,LT
Šilutė District Municipality,LT
Širvintos District Municipality,LT
Skuodas District Municipality,LT
Švenčionys District Municipality,LT
Tauragė County,LT
Tauragė District Municipality,LT
Telšiai County,LT
Telšiai District Municipality,LT
Trakai District Municipality,LT
Ukmergė District Municipality,LT
Utena County,LT
Utena District Municipality,LT
Varėna District Municipality,LT
Vilkaviškis District Municipality,LT
Vilnius City Municipality,LT
Vilnius County,LT
Vilnius District Municipality,LT
Visaginas Municipality,LT
Zarasai District Municipality,LT
Canton of Capellen,LU
Canton of Clervaux,LU
Canton of Diekirch,LU
Canton of Echternach,LU
Canton of Esch-sur-Alzette,LU
Canton of Grevenmacher,LU
Canton of Luxembourg,LU
Canton of Mersch,LU
Canton of Redange,LU
Canton of Remich,LU
Canton of Vianden,LU
Canton of Wiltz,LU
Diekirch District,LU
Grevenmacher District,LU
Luxembourg District,LU
Aerodrom Municipality,MK
Aračinovo Municipality,MK
Berovo Municipality,MK
Bitola Municipality,MK
Bogdanci Municipality,MK
Bogovinje Municipality,MK
Bosilovo Municipality,MK
Brvenica Municipality,MK
Butel Municipality,MK
Čair Municipality,MK
Čaška Municipality,MK
Centar Municipality,MK
Centar Župa Municipality,MK
Češinovo-Obleševo Municipality,MK
Čučer-Sandevo Municipality,MK
Debarca Municipality,MK
Delčevo Municipality,MK
Demir Hisar Municipality,MK
Demir Kapija Municipality,MK
Dojran Municipality,MK
Dolneni Municipality,MK
Drugovo Municipality,MK
Gazi Baba Municipality,MK
Gevgelija Municipality,MK
Gjorče Petrov Municipality,MK
Gostivar Municipality,MK
Gradsko Municipality,MK
Greater Skopje,MK
Ilinden Municipality,MK
Jegunovce Municipality,MK
Karbinci,MK
Karpoš Municipality,MK
Kavadarci Municipality,MK
Kičevo Municipality,MK
Kisela Voda Municipality,MK
Kočani Municipality,MK
Konče Municipality,MK
Kratovo Municipality,MK
Kriva Palanka Municipality,MK
Krivogaštani Municipality,MK
Kruševo Municipality,MK
Kumanovo Municipality,MK
Lipkovo Municipality,MK
Lozovo Municipality,MK
Makedonska Kamenica Municipality,MK
Makedonski Brod Municipality,MK
Mavrovo and Rostuša Municipality,MK
Mogila Municipality,MK
Negotino Municipality,MK
Novaci Municipality,MK
Novo Selo Municipality,MK
Ohrid Municipality,MK
Oslomej Municipality,MK
Pehčevo Municipality,MK
Petrovec Municipality,MK
Plasnica Municipality,MK
Prilep Municipality,MK
Probištip Municipality,MK
Radoviš Municipality,MK
Rankovce Municipality,MK
Resen Municipality,MK
Rosoman Municipality,MK
Saraj Municipality,MK
Sopište Municipality,MK
Staro Nagoričane Municipality,MK
Štip Municipality,MK
Struga Municipality,MK
Strumica Municipality,MK
Studeničani Municipality,MK
Šuto Orizari Municipality,MK
Sveti Nikole Municipality,MK
Tearce Municipality,MK
Tetovo Municipality,MK
Valandovo Municipality,MK
Vasilevo Municipality,MK
Veles Municipality,MK
Vevčani Municipality,MK
Vinica Municipality,MK
Vraneštica Municipality,MK
Vrapčište Municipality,MK
Zajas Municipality,MK
Zelenikovo Municipality,MK
Želino Municipality,MK
Zrnovci Municipality,MK
Antananarivo Province,MG
Antsiranana Province,MG
Fianarantsoa Province,MG
Mahajanga Province,MG
Toamasina Province,MG
Toliara Province,MG
Balaka District,MW
Blantyre District,MW
Central Region,MW
Chikwawa District,MW
Chiradzulu District,MW
Chitipa district,MW
Dedza District,MW
Dowa District,MW
Karonga District,MW
Kasungu District,MW
Likoma District,MW
Lilongwe District,MW
Machinga District,MW
Mangochi District,MW
Mchinji District,MW
Mulanje District,MW
Mwanza District,MW
Mzimba District,MW
Nkhata Bay District,MW
Nkhotakota District,MW
Northern Region,MW
Nsanje District,MW
Ntcheu District,MW
Ntchisi District,MW
Phalombe District,MW
Rumphi District,MW
Salima District,MW
Southern Region,MW
Thyolo District,MW
Zomba District,MW
Johor,MY
Kedah,MY
Kelantan,MY
Kuala Lumpur,MY
Labuan,MY
Malacca,MY
Negeri Sembilan,MY
Pahang,MY
Penang,MY
Perak,MY
Perlis,MY
Putrajaya,MY
Sabah,MY
Sarawak,MY
Selangor,MY
Terengganu,MY
Addu Atoll,MV
Alif Alif Atoll,MV
Alif Dhaal Atoll,MV
Central Province,MV
Dhaalu Atoll,MV
Faafu Atoll,MV
Gaafu Alif Atoll,MV
Gaafu Dhaalu Atoll,MV
Gnaviyani Atoll,MV
Haa Alif Atoll,MV
Haa Dhaalu Atoll,MV
Kaafu Atoll,MV
Laamu Atoll,MV
Lhaviyani Atoll,MV
Malé,MV
Meemu Atoll,MV
Noonu Atoll,MV
North Central Province,MV
North Province,MV
Raa Atoll,MV
Shaviyani Atoll,MV
South Central Province,MV
South Province,MV
Thaa Atoll,MV
Upper South Province,MV
Vaavu Atoll,MV
Bamako,ML
Gao Region,ML
Kayes Region,ML
Kidal Region,ML
Koulikoro Region,ML
Ménaka Region,ML
Mopti Region,ML
Ségou Region,ML
Sikasso Region,ML
Taoudénit Region,ML
Tombouctou Region,ML
Attard,MT
Balzan,MT
Birgu,MT
Birkirkara,MT
Birżebbuġa,MT
Cospicua,MT
Dingli,MT
Fgura,MT
Floriana,MT
Fontana,MT
Għajnsielem,MT
Għarb,MT
Għargħur,MT
Għasri,MT
Għaxaq,MT
Gudja,MT
Gżira,MT
Ħamrun,MT
Iklin,MT
Kalkara,MT
Kerċem,MT
Kirkop,MT
Lija,MT
Luqa,MT
Marsa,MT
Marsaskala,MT
Marsaxlokk,MT
Mdina,MT
Mellieħa,MT
Mġarr,MT
Mosta,MT
Mqabba,MT
Msida,MT
Mtarfa,MT
Munxar,MT
Nadur,MT
Naxxar,MT
Paola,MT
Pembroke,MT
Pietà,MT
Qala,MT
Qormi,MT
Qrendi,MT
Rabat,MT
Saint Lawrence,MT
San Ġwann,MT
Sannat,MT
Santa Luċija,MT
Santa Venera,MT
Senglea,MT
Siġġiewi,MT
Sliema,MT
St. Julian's,MT
St. Paul's Bay,MT
Swieqi,MT
Ta' Xbiex,MT
Tarxien,MT
Valletta,MT
Victoria,MT
Xagħra,MT
Xewkija,MT
Xgħajra,MT
Żabbar,MT
Żebbuġ Gozo,MT
Żebbuġ Malta,MT
Żejtun,MT
Żurrieq,MT
Ralik Chain,MH
Ratak Chain,MH
Adrar,MR
Assaba,MR
Brakna,MR
Dakhlet Nouadhibou,MR
Gorgol,MR
Guidimaka,MR
Hodh Ech Chargui,MR
Hodh El Gharbi,MR
Inchiri,MR
Nouakchott-Nord,MR
Nouakchott-Ouest,MR
Nouakchott-Sud,MR
Tagant,MR
Tiris Zemmour,MR
Trarza,MR
Agalega Islands,MU
Black River,MU
Flacq,MU
Grand Port,MU
Moka,MU
Pamplemousses,MU
Plaines Wilhems,MU
Port Louis,MU
Rivière du Rempart,MU
Rodrigues Island,MU
Saint Brandon Islands,MU
Savanne,MU
Aguascalientes,MX
Baja California,MX
Baja California Sur,MX
Campeche,MX
Chiapas,MX
Chihuahua,MX
Ciudad de México,MX
Coahuila de Zaragoza,MX
Colima,MX
Durango,MX
Estado de México,MX
Guanajuato,MX
Guerrero,MX
Hidalgo,MX
Jalisco,MX
Michoacán de Ocampo,MX
Morelos,MX
Nayarit,MX
Nuevo León,MX
Oaxaca,MX
Puebla,MX
Querétaro,MX
Quintana Roo,MX
San Luis Potosí,MX
Sinaloa,MX
Sonora,MX
Tabasco,MX
Tamaulipas,MX
Tlaxcala,MX
Veracruz de Ignacio de la Llave,MX
Yucatán,MX
Zacatecas,MX
Chuuk State,FM
Kosrae State,FM
Pohnpei State,FM
Yap State,FM
Anenii Noi District,MD
Bălți Municipality,MD
Basarabeasca District,MD
Bender Municipality,MD
Briceni District,MD
Cahul District,MD
Călărași District,MD
Cantemir District,MD
Căușeni District,MD
Chișinău Municipality,MD
Cimișlia District,MD
Criuleni District,MD
Dondușeni District,MD
Drochia District,MD
Dubăsari District,MD
Edineț District,MD
Fălești District,MD
Florești District,MD
Gagauzia,MD
Glodeni District,MD
Hîncești District,MD
Ialoveni District,MD
Nisporeni District,MD
Ocnița District,MD
Orhei District,MD
Rezina District,MD
Rîșcani District,MD
Sîngerei District,MD
Șoldănești District,MD
Soroca District,MD
Ștefan Vodă District,MD
Strășeni District,MD
Taraclia District,MD
Telenești District,MD
Transnistria autonomous territorial unit,MD
Ungheni District,MD
La Colle,MC
La Condamine,MC
Moneghetti,MC
Arkhangai Province,MN
Bayan-Ölgii Province,MN
Bayankhongor Province,MN
Bulgan Province,MN
Darkhan-Uul Province,MN
Dornod Province,MN
Dornogovi Province,MN
Dundgovi Province,MN
Govi-Altai Province,MN
Govisümber Province,MN
Khentii Province,MN
Khovd Province,MN
Khövsgöl Province,MN
Ömnögovi Province,MN
Orkhon Province,MN
Övörkhangai Province,MN
Selenge Province,MN
Sükhbaatar Province,MN
Töv Province,MN
Uvs Province,MN
Zavkhan Province,MN
Andrijevica Municipality,ME
Bar Municipality,ME
Berane Municipality,ME
Bijelo Polje Municipality,ME
Budva Municipality,ME
Danilovgrad Municipality,ME
Gusinje Municipality,ME
Kolašin Municipality,ME
Kotor Municipality,ME
Mojkovac Municipality,ME
Nikšić Municipality,ME
Old Royal Capital Cetinje,ME
Petnjica Municipality,ME
Plav Municipality,ME
Pljevlja Municipality,ME
Plužine Municipality,ME
Podgorica Municipality,ME
Rožaje Municipality,ME
Šavnik Municipality,ME
Tivat Municipality,ME
Ulcinj Municipality,ME
Žabljak Municipality,ME
Agadir-Ida-Ou-Tanane,MA
Al Haouz,MA
Al Hoceïma,MA
Aousserd (EH),MA
Assa-Zag (EH-partial),MA
Azilal,MA
Béni Mellal,MA
Béni Mellal-Khénifra,MA
Benslimane,MA
Berkane,MA
Berrechid,MA
Boujdour (EH),MA
Boulemane,MA
Casablanca,MA
Casablanca-Settat,MA
Chefchaouen,MA
Chichaoua,MA
Chtouka-Ait Baha,MA
Dakhla-Oued Ed-Dahab (EH),MA
Drâa-Tafilalet,MA
Driouch,MA
El Hajeb,MA
El Jadida,MA
El Kelâa des Sraghna,MA
Errachidia,MA
Es-Semara (EH-partial),MA
Essaouira,MA
Fahs-Anjra,MA
Fès,MA
Fès-Meknès,MA
Figuig,MA
Fquih Ben Salah,MA
Guelmim,MA
Guelmim-Oued Noun (EH-partial),MA
Guercif,MA
Ifrane,MA
Inezgane-Ait Melloul,MA
Jerada,MA
Kénitra,MA
Khémisset,MA
Khénifra,MA
Khouribga,MA
L'Oriental,MA
Laâyoune (EH),MA
Laâyoune-Sakia El Hamra (EH-partial),MA
Larache,MA
M’diq-Fnideq,MA
Marrakech,MA
Marrakesh-Safi,MA
Médiouna,MA
Meknès,MA
Midelt,MA
Mohammadia,MA
Moulay Yacoub,MA
Nador,MA
Nouaceur,MA
Ouarzazate,MA
Oued Ed-Dahab (EH),MA
Ouezzane,MA
Oujda-Angad,MA
Rabat,MA
Rabat-Salé-Kénitra,MA
Rehamna,MA
Safi,MA
Salé,MA
Sefrou,MA
Settat,MA
Sidi Bennour,MA
Sidi Ifni,MA
Sidi Kacem,MA
Sidi Slimane,MA
Skhirate-Témara,MA
Souss-Massa,MA
Tan-Tan (EH-partial),MA
Tanger-Assilah,MA
Tanger-Tétouan-Al Hoceïma,MA
Taounate,MA
Taourirt,MA
Tarfaya (EH-partial),MA
Taroudannt,MA
Tata,MA
Taza,MA
Tétouan,MA
Tinghir,MA
Tiznit,MA
Youssoufia,MA
Zagora,MA
Cabo Delgado Province,MZ
Gaza Province,MZ
Inhambane Province,MZ
Manica Province,MZ
Maputo,MZ
Maputo Province,MZ
Nampula Province,MZ
Niassa Province,MZ
Sofala Province,MZ
Tete Province,MZ
Zambezia Province,MZ
Ayeyarwady Region,MM
Bago,MM
Chin State,MM
Kachin State,MM
Kayah State,MM
Kayin State,MM
Magway Region,MM
Mandalay Region,MM
Mon State,MM
Naypyidaw Union Territory,MM
Rakhine State,MM
Sagaing Region,MM
Shan State,MM
Tanintharyi Region,MM
Yangon Region,MM
Erongo Region,NA
Hardap Region,NA
Karas Region,NA
Kavango East Region,NA
Kavango West Region,NA
Khomas Region,NA
Kunene Region,NA
Ohangwena Region,NA
Omaheke Region,NA
Omusati Region,NA
Oshana Region,NA
Oshikoto Region,NA
Otjozondjupa Region,NA
Zambezi Region,NA
Aiwo District,NR
Anabar District,NR
Anetan District,NR
Anibare District,NR
Baiti District,NR
Boe District,NR
Buada District,NR
Denigomodu District,NR
Ewa District,NR
Ijuw District,NR
Meneng District,NR
Nibok District,NR
Uaboe District,NR
Yaren District,NR
Bagmati Zone,NP
Bheri Zone,NP
Central Region,NP
Dhaulagiri Zone,NP
Eastern Development Region,NP
Far-Western Development Region,NP
Gandaki Zone,NP
Janakpur Zone,NP
Karnali Zone,NP
Kosi Zone,NP
Lumbini Zone,NP
Mahakali Zone,NP
Mechi Zone,NP
Mid-Western Region,NP
Narayani Zone,NP
Rapti Zone,NP
Sagarmatha Zone,NP
Seti Zone,NP
Western Region,NP
Bonaire,NL
Drenthe,NL
Flevoland,NL
Friesland,NL
Gelderland,NL
Groningen,NL
Limburg,NL
North Brabant,NL
North Holland,NL
Overijssel,NL
Saba,NL
Sint Eustatius,NL
South Holland,NL
Utrecht,NL
Zeeland,NL
Auckland Region,NZ
Bay of Plenty Region,NZ
Canterbury Region,NZ
Chatham Islands,NZ
Gisborne District,NZ
Hawke's Bay Region,NZ
Manawatu-Wanganui Region,NZ
Marlborough Region,NZ
Nelson Region,NZ
Northland Region,NZ
Otago Region,NZ
Southland Region,NZ
Taranaki Region,NZ
Tasman District,NZ
Waikato Region,NZ
Wellington Region,NZ
West Coast Region,NZ
Boaco,NI
Carazo,NI
Chinandega,NI
Chontales,NI
Estelí,NI
Granada,NI
Jinotega,NI
León,NI
Madriz,NI
Managua,NI
Masaya,NI
Matagalpa,NI
North Caribbean Coast,NI
Nueva Segovia,NI
Río San Juan,NI
Rivas,NI
South Caribbean Coast,NI
Agadez Region,NE
Diffa Region,NE
Dosso Region,NE
Maradi Region,NE
Tahoua Region,NE
Tillabéri Region,NE
Zinder Region,NE
Abia,NG
Abuja Federal Capital Territory,NG
Adamawa,NG
Akwa Ibom,NG
Anambra,NG
Bauchi,NG
Bayelsa,NG
Benue,NG
Borno,NG
Cross River,NG
Delta,NG
Ebonyi,NG
Edo,NG
Ekiti,NG
Enugu,NG
Gombe,NG
Imo,NG
Jigawa,NG
Kaduna,NG
Kano,NG
Katsina,NG
Kebbi,NG
Kogi,NG
Kwara,NG
Lagos,NG
Nasarawa,NG
Niger,NG
Ogun,NG
Ondo,NG
Osun,NG
Oyo,NG
Plateau,NG
Rivers,NG
Sokoto,NG
Taraba,NG
Yobe,NG
Zamfara,NG
Chagang Province,KP
Kangwon Province,KP
North Hamgyong Province,KP
North Hwanghae Province,KP
North Pyongan Province,KP
Pyongyang,KP
Rason,KP
Ryanggang Province,KP
South Hamgyong Province,KP
South Hwanghae Province,KP
South Pyongan Province,KP
Agder,NO
Innlandet,NO
Jan Mayen,NO
Møre og Romsdal,NO
Nordland,NO
Oslo,NO
Rogaland,NO
Svalbard,NO
Troms og Finnmark,NO
Trøndelag,NO
Vestfold og Telemark,NO
Vestland,NO
Viken,NO
Ad Dakhiliyah,OM
Ad Dhahirah,OM
Al Batinah North,OM
Al Batinah Region,OM
Al Batinah South,OM
Al Buraimi,OM
Al Wusta,OM
Ash Sharqiyah North,OM
Ash Sharqiyah Region,OM
Ash Sharqiyah South,OM
Dhofar,OM
Musandam,OM
Muscat,OM
Azad Kashmir,PK
Balochistan,PK
Federally Administered Tribal Areas,PK
Gilgit-Baltistan,PK
Islamabad Capital Territory,PK
Khyber Pakhtunkhwa,PK
Punjab,PK
Sindh,PK
Aimeliik,PW
Airai,PW
Angaur,PW
Hatohobei,PW
Kayangel,PW
Koror,PW
Melekeok,PW
Ngaraard,PW
Ngarchelong,PW
Ngardmau,PW
Ngatpang,PW
Ngchesar,PW
Ngeremlengui,PW
Ngiwal,PW
Peleliu,PW
Sonsorol,PW
Bethlehem,PS
Deir El Balah,PS
Gaza,PS
Hebron,PS
Jenin,PS
Jericho and Al Aghwar,PS
Jerusalem,PS
Khan Yunis,PS
Nablus,PS
North Gaza,PS
Qalqilya,PS
Rafah,PS
Ramallah,PS
Salfit,PS
Tubas,PS
Tulkarm,PS
Bocas del Toro Province,PA
Chiriquí Province,PA
Coclé Province,PA
Colón Province,PA
Darién Province,PA
Emberá-Wounaan Comarca,PA
Guna Yala,PA
Herrera Province,PA
Los Santos Province,PA
Ngöbe-Buglé Comarca,PA
Panamá Oeste Province,PA
Panamá Province,PA
Veraguas Province,PA
Bougainville,PG
Central Province,PG
Chimbu Province,PG
East New Britain,PG
Eastern Highlands Province,PG
Enga Province,PG
Gulf,PG
Hela,PG
Jiwaka Province,PG
Madang Province,PG
Manus Province,PG
Milne Bay Province,PG
Morobe Province,PG
New Ireland Province,PG
Oro Province,PG
Port Moresby,PG
Sandaun Province,PG
Southern Highlands Province,PG
West New Britain Province,PG
Western Highlands Province,PG
Western Province,PG
Alto Paraguay Department,PY
Alto Paraná Department,PY
Amambay Department,PY
Boquerón Department,PY
Caaguazú,PY
Caazapá,PY
Canindeyú,PY
Central Department,PY
Concepción Department,PY
Cordillera Department,PY
Guairá Department,PY
Itapúa,PY
Misiones Department,PY
Ñeembucú Department,PY
Paraguarí Department,PY
Presidente Hayes Department,PY
San Pedro Department,PY
Amazonas,PE
Áncash,PE
Apurímac,PE
Arequipa,PE
Ayacucho,PE
Cajamarca,PE
Callao,PE
Cusco,PE
Huancavelica,PE
Huanuco,PE
Ica,PE
Junín,PE
La Libertad,PE
Lambayeque,PE
Lima,PE
Loreto,PE
Madre de Dios,PE
Moquegua,PE
Pasco,PE
Piura,PE
Puno,PE
San Martín,PE
Tacna,PE
Tumbes,PE
Ucayali,PE
Abra,PH
Agusan del Norte,PH
Agusan del Sur,PH
Aklan,PH
Albay,PH
Antique,PH
Apayao,PH
Aurora,PH
Autonomous Region in Muslim Mindanao,PH
Basilan,PH
Bataan,PH
Batanes,PH
Batangas,PH
Benguet,PH
Bicol,PH
Biliran,PH
Bohol,PH
Bukidnon,PH
Bulacan,PH
Cagayan,PH
Cagayan Valley,PH
Calabarzon,PH
Camarines Norte,PH
Camarines Sur,PH
Camiguin,PH
Capiz,PH
Caraga,PH
Catanduanes,PH
Cavite,PH
Cebu,PH
Central Luzon,PH
Central Visayas,PH
Compostela Valley,PH
Cordillera Administrative,PH
Cotabato,PH
Davao,PH
Davao del Norte,PH
Davao del Sur,PH
Davao Occidental,PH
Davao Oriental,PH
Dinagat Islands,PH
Eastern Samar,PH
Eastern Visayas,PH
Guimaras,PH
Ifugao,PH
Ilocos,PH
Ilocos Norte,PH
Ilocos Sur,PH
Iloilo,PH
Isabela,PH
Kalinga,PH
La Union,PH
Laguna,PH
Lanao del Norte,PH
Lanao del Sur,PH
Leyte,PH
Maguindanao,PH
Marinduque,PH
Masbate,PH
Metro Manila,PH
Mimaropa,PH
Misamis Occidental,PH
Misamis Oriental,PH
Mountain Province,PH
Negros Occidental,PH
Negros Oriental,PH
Northern Mindanao,PH
Northern Samar,PH
Nueva Ecija,PH
Nueva Vizcaya,PH
Occidental Mindoro,PH
Oriental Mindoro,PH
Palawan,PH
Pampanga,PH
Pangasinan,PH
Quezon,PH
Quirino,PH
Rizal,PH
Romblon,PH
Sarangani,PH
Siquijor,PH
Soccsksargen,PH
Sorsogon,PH
South Cotabato,PH
Southern Leyte,PH
Sultan Kudarat,PH
Sulu,PH
Surigao del Norte,PH
Surigao del Sur,PH
Tarlac,PH
Tawi-Tawi,PH
Western Samar,PH
Western Visayas,PH
Zambales,PH
Zamboanga del Norte,PH
Zamboanga del Sur,PH
Zamboanga Peninsula,PH
Zamboanga Sibugay,PH
Greater Poland Voivodeship,PL
Kuyavian-Pomeranian Voivodeship,PL
Lesser Poland Voivodeship,PL
Lower Silesian Voivodeship,PL
Lublin Voivodeship,PL
Lubusz Voivodeship,PL
Łódź Voivodeship,PL
Masovian Voivodeship,PL
Opole Voivodeship,PL
Podkarpackie Voivodeship,PL
Podlaskie Voivodeship,PL
Pomeranian Voivodeship,PL
Silesian Voivodeship,PL
Świętokrzyskie Voivodeship,PL
Warmian-Masurian Voivodeship,PL
West Pomeranian Voivodeship,PL
Açores,PT
Aveiro,PT
Beja,PT
Braga,PT
Bragança,PT
Castelo Branco,PT
Coimbra,PT
Évora,PT
Faro,PT
Guarda,PT
Leiria,PT
Lisbon,PT
Madeira,PT
Portalegre,PT
Porto,PT
Santarém,PT
Setúbal,PT
Viana do Castelo,PT
Vila Real,PT
Viseu,PT
Arecibo,PR
Bayamon,PR
Caguas,PR
Carolina,PR
Guaynabo,PR
Mayagüez,PR
Ponce,PR
San Juan,PR
Toa Baja,PR
Trujillo Alto,PR
Al Daayen,QA
Al Khor,QA
Al Rayyan Municipality,QA
Al Wakrah,QA
Al-Shahaniya,QA
Doha,QA
Madinat ash Shamal,QA
Umm Salal Municipality,QA
Alba,RO
Arad County,RO
Arges,RO
Bacău County,RO
Bihor County,RO
Bistrița-Năsăud County,RO
Botoșani County,RO
Braila,RO
Brașov County,RO
Bucharest,RO
Buzău County,RO
Călărași County,RO
Caraș-Severin County,RO
Cluj County,RO
Constanța County,RO
Covasna County,RO
Dâmbovița County,RO
Dolj County,RO
Galați County,RO
Giurgiu County,RO
Gorj County,RO
Harghita County,RO
Hunedoara County,RO
Ialomița County,RO
Iași County,RO
Ilfov County,RO
Maramureș County,RO
Mehedinți County,RO
Mureș County,RO
Neamț County,RO
Olt County,RO
Prahova County,RO
Sălaj County,RO
Satu Mare County,RO
Sibiu County,RO
Suceava County,RO
Teleorman County,RO
Timiș County,RO
Tulcea County,RO
Vâlcea County,RO
Vaslui County,RO
Vrancea County,RO
Altai Krai,RU
Altai Republic,RU
Amur Oblast,RU
Arkhangelsk,RU
Astrakhan Oblast,RU
Belgorod Oblast,RU
Bryansk Oblast,RU
Chechen Republic,RU
Chelyabinsk Oblast,RU
Chukotka Autonomous Okrug,RU
Chuvash Republic,RU
Irkutsk,RU
Ivanovo Oblast,RU
Jewish Autonomous Oblast,RU
Kabardino-Balkar Republic,RU
Kaliningrad,RU
Kaluga Oblast,RU
Kamchatka Krai,RU
Karachay-Cherkess Republic,RU
Kemerovo Oblast,RU
Khabarovsk Krai,RU
Khanty-Mansi Autonomous Okrug,RU
Kirov Oblast,RU
Komi Republic,RU
Kostroma Oblast,RU
Krasnodar Krai,RU
Krasnoyarsk Krai,RU
Kurgan Oblast,RU
Kursk Oblast,RU
Leningrad Oblast,RU
Lipetsk Oblast,RU
Magadan Oblast,RU
Mari El Republic,RU
Moscow,RU
Moscow Oblast,RU
Murmansk Oblast,RU
Nenets Autonomous Okrug,RU
Nizhny Novgorod Oblast,RU
Novgorod Oblast,RU
Novosibirsk,RU
Omsk Oblast,RU
Orenburg Oblast,RU
Oryol Oblast,RU
Penza Oblast,RU
Perm Krai,RU
Primorsky Krai,RU
Pskov Oblast,RU
Republic of Adygea,RU
Republic of Bashkortostan,RU
Republic of Buryatia,RU
Republic of Dagestan,RU
Republic of Ingushetia,RU
Republic of Kalmykia,RU
Republic of Karelia,RU
Republic of Khakassia,RU
Republic of Mordovia,RU
Republic of North Ossetia-Alania,RU
Republic of Tatarstan,RU
Rostov Oblast,RU
Ryazan Oblast,RU
Saint Petersburg,RU
Sakha Republic,RU
Sakhalin,RU
Samara Oblast,RU
Saratov Oblast,RU
Sevastopol,RU
Smolensk Oblast,RU
Stavropol Krai,RU
Sverdlovsk,RU
Tambov Oblast,RU
Tomsk Oblast,RU
Tula Oblast,RU
Tuva Republic,RU
Tver Oblast,RU
Tyumen Oblast,RU
Udmurt Republic,RU
Ulyanovsk Oblast,RU
Vladimir Oblast,RU
Volgograd Oblast,RU
Vologda Oblast,RU
Voronezh Oblast,RU
Yamalo-Nenets Autonomous Okrug,RU
Yaroslavl Oblast,RU
Zabaykalsky Krai,RU
Eastern Province,RW
Kigali district,RW
Northern Province,RW
Southern Province,RW
Western Province,RW
Christ Church Nichola Town Parish,KN
Nevis,KN
Saint Anne Sandy Point Parish,KN
Saint George Gingerland Parish,KN
Saint James Windward Parish,KN
Saint John Capisterre Parish,KN
Saint John Figtree Parish,KN
Saint Kitts,KN
Saint Mary Cayon Parish,KN
Saint Paul Capisterre Parish,KN
Saint Paul Charlestown Parish,KN
Saint Peter Basseterre Parish,KN
Saint Thomas Lowland Parish,KN
Saint Thomas Middle Island Parish,KN
Trinity Palmetto Point Parish,KN
Anse la Raye Quarter,LC
Canaries,LC
Castries Quarter,LC
Choiseul Quarter,LC
Dauphin Quarter,LC
Dennery Quarter,LC
Gros Islet Quarter,LC
Laborie Quarter,LC
Micoud Quarter,LC
Praslin Quarter,LC
Soufrière Quarter,LC
Vieux Fort Quarter,LC
Charlotte Parish,VC
Grenadines Parish,VC
Saint Andrew Parish,VC
Saint David Parish,VC
Saint George Parish,VC
Saint Patrick Parish,VC
A'ana,WS
Aiga-i-le-Tai,WS
Atua,WS
Fa'asaleleaga,WS
Gaga'emauga,WS
Gaga'ifomauga,WS
Palauli,WS
Satupa'itea,WS
Tuamasaga,WS
Va'a-o-Fonoti,WS
Vaisigano,WS
Acquaviva,SM
Borgo Maggiore,SM
Chiesanuova,SM
Domagnano,SM
Faetano,SM
Fiorentino,SM
Montegiardino,SM
San Marino,SM
Serravalle,SM
Príncipe Province,ST
São Tomé Province,ST
'Asir,SA
Al Bahah,SA
Al Jawf,SA
Al Madinah,SA
Al-Qassim,SA
Eastern Province,SA
Ha'il,SA
Jizan,SA
Makkah,SA
Najran,SA
Northern Borders,SA
Riyadh,SA
Tabuk,SA
Dakar,SN
Diourbel Region,SN
Fatick,SN
Kaffrine,SN
Kaolack,SN
Kédougou,SN
Kolda,SN
Louga,SN
Matam,SN
Saint-Louis,SN
Sédhiou,SN
Tambacounda Region,SN
Thiès Region,SN
Ziguinchor,SN
Belgrade,RS
Bor District,RS
Braničevo District,RS
Central Banat District,RS
Jablanica District,RS
Kolubara District,RS
Mačva District,RS
Moravica District,RS
Nišava District,RS
North Bačka District,RS
North Banat District,RS
Pčinja District,RS
Pirot District,RS
Podunavlje District,RS
Pomoravlje District,RS
Rasina District,RS
Raška District,RS
South Bačka District,RS
South Banat District,RS
Srem District,RS
Šumadija District,RS
Toplica District,RS
Vojvodina,RS
West Bačka District,RS
Zaječar District,RS
Zlatibor District,RS
Anse Boileau,SC
Anse Royale,SC
Anse-aux-Pins,SC
Au Cap,SC
Baie Lazare,SC
Baie Sainte Anne,SC
Beau Vallon,SC
Bel Air,SC
Bel Ombre,SC
Cascade,SC
Glacis,SC
Grand'Anse Mahé,SC
Grand'Anse Praslin,SC
La Digue,SC
La Rivière Anglaise,SC
Les Mamelles,SC
Mont Buxton,SC
Mont Fleuri,SC
Plaisance,SC
Pointe La Rue,SC
Port Glaud,SC
Roche Caiman,SC
Saint Louis,SC
Takamaka,SC
Eastern Province,SL
Northern Province,SL
Southern Province,SL
Western Area,SL
Central Singapore Community Development Council,SG
North East Community Development Council,SG
North West Community Development Council,SG
South East Community Development Council,SG
South West Community Development Council,SG
Banská Bystrica Region,SK
Bratislava Region,SK
Košice Region,SK
Nitra Region,SK
Prešov Region,SK
Trenčín Region,SK
Trnava Region,SK
Žilina Region,SK
Ajdovščina Municipality,SI
Ankaran Municipality,SI
Beltinci Municipality,SI
Benedikt Municipality,SI
Bistrica ob Sotli Municipality,SI
Bled Municipality,SI
Bloke Municipality,SI
Bohinj Municipality,SI
Borovnica Municipality,SI
Bovec Municipality,SI
Braslovče Municipality,SI
Brda Municipality,SI
Brežice Municipality,SI
Brezovica Municipality,SI
Cankova Municipality,SI
Cerklje na Gorenjskem Municipality,SI
Cerknica Municipality,SI
Cerkno Municipality,SI
Cerkvenjak Municipality,SI
City Municipality of Celje,SI
City Municipality of Novo Mesto,SI
Črenšovci Municipality,SI
Črna na Koroškem Municipality,SI
Črnomelj Municipality,SI
Destrnik Municipality,SI
Divača Municipality,SI
Dobje Municipality,SI
Dobrepolje Municipality,SI
Dobrna Municipality,SI
Dobrova–Polhov Gradec Municipality,SI
Dobrovnik Municipality,SI
Dol pri Ljubljani Municipality,SI
Dolenjske Toplice Municipality,SI
Domžale Municipality,SI
Dornava Municipality,SI
Dravograd Municipality,SI
Duplek Municipality,SI
Gorenja Vas–Poljane Municipality,SI
Gorišnica Municipality,SI
Gorje Municipality,SI
Gornja Radgona Municipality,SI
Gornji Grad Municipality,SI
Gornji Petrovci Municipality,SI
Grad Municipality,SI
Grosuplje Municipality,SI
Hajdina Municipality,SI
Hoče–Slivnica Municipality,SI
Hodoš Municipality,SI
Horjul Municipality,SI
Hrastnik Municipality,SI
Hrpelje–Kozina Municipality,SI
Idrija Municipality,SI
Ig Municipality,SI
Ivančna Gorica Municipality,SI
Izola Municipality,SI
Jesenice Municipality,SI
Jezersko Municipality,SI
Juršinci Municipality,SI
Kamnik Municipality,SI
Kanal ob Soči Municipality,SI
Kidričevo Municipality,SI
Kobarid Municipality,SI
Kobilje Municipality,SI
Kočevje Municipality,SI
Komen Municipality,SI
Komenda Municipality,SI
Koper City Municipality,SI
Kostanjevica na Krki Municipality,SI
Kostel Municipality,SI
Kozje Municipality,SI
Kranj City Municipality,SI
Kranjska Gora Municipality,SI
Križevci Municipality,SI
Kungota,SI
Kuzma Municipality,SI
Laško Municipality,SI
Lenart Municipality,SI
Lendava Municipality,SI
Litija Municipality,SI
Ljubljana City Municipality,SI
Ljubno Municipality,SI
Ljutomer Municipality,SI
Log–Dragomer Municipality,SI
Logatec Municipality,SI
Loška Dolina Municipality,SI
Loški Potok Municipality,SI
Lovrenc na Pohorju Municipality,SI
Luče Municipality,SI
Lukovica Municipality,SI
Majšperk Municipality,SI
Makole Municipality,SI
Maribor City Municipality,SI
Markovci Municipality,SI
Medvode Municipality,SI
Mengeš Municipality,SI
Metlika Municipality,SI
Mežica Municipality,SI
Miklavž na Dravskem Polju Municipality,SI
Miren–Kostanjevica Municipality,SI
Mirna Municipality,SI
Mirna Peč Municipality,SI
Mislinja Municipality,SI
Mokronog–Trebelno Municipality,SI
Moravče Municipality,SI
Moravske Toplice Municipality,SI
Mozirje Municipality,SI
Municipality of Apače,SI
Municipality of Cirkulane,SI
Municipality of Ilirska Bistrica,SI
Municipality of Krško,SI
Municipality of Škofljica,SI
Murska Sobota City Municipality,SI
Muta Municipality,SI
Naklo Municipality,SI
Nazarje Municipality,SI
Nova Gorica City Municipality,SI
Odranci Municipality,SI
Oplotnica,SI
Ormož Municipality,SI
Osilnica Municipality,SI
Pesnica Municipality,SI
Piran Municipality,SI
Pivka Municipality,SI
Podčetrtek Municipality,SI
Podlehnik Municipality,SI
Podvelka Municipality,SI
Poljčane Municipality,SI
Polzela Municipality,SI
Postojna Municipality,SI
Prebold Municipality,SI
Preddvor Municipality,SI
Prevalje Municipality,SI
Ptuj City Municipality,SI
Puconci Municipality,SI
Rače–Fram Municipality,SI
Radeče Municipality,SI
Radenci Municipality,SI
Radlje ob Dravi Municipality,SI
Radovljica Municipality,SI
Ravne na Koroškem Municipality,SI
Razkrižje Municipality,SI
Rečica ob Savinji Municipality,SI
Renče–Vogrsko Municipality,SI
Ribnica Municipality,SI
Ribnica na Pohorju Municipality,SI
Rogaška Slatina Municipality,SI
Rogašovci Municipality,SI
Rogatec Municipality,SI
Ruše Municipality,SI
Šalovci Municipality,SI
Selnica ob Dravi Municipality,SI
Semič Municipality,SI
Šempeter–Vrtojba Municipality,SI
Šenčur Municipality,SI
Šentilj Municipality,SI
Šentjernej Municipality,SI
Šentjur Municipality,SI
Šentrupert Municipality,SI
Sevnica Municipality,SI
Sežana Municipality,SI
Škocjan Municipality,SI
Škofja Loka Municipality,SI
Slovenj Gradec City Municipality,SI
Slovenska Bistrica Municipality,SI
Slovenske Konjice Municipality,SI
Šmarje pri Jelšah Municipality,SI
Šmarješke Toplice Municipality,SI
Šmartno ob Paki Municipality,SI
Šmartno pri Litiji Municipality,SI
Sodražica Municipality,SI
Solčava Municipality,SI
Šoštanj Municipality,SI
Središče ob Dravi,SI
Starše Municipality,SI
Štore Municipality,SI
Straža Municipality,SI
Sveta Ana Municipality,SI
Sveta Trojica v Slovenskih Goricah Municipality,SI
Sveti Andraž v Slovenskih Goricah Municipality,SI
Sveti Jurij ob Ščavnici Municipality,SI
Sveti Jurij v Slovenskih Goricah Municipality,SI
Sveti Tomaž Municipality,SI
Tabor Municipality,SI
Tišina Municipality,SI
Tolmin Municipality,SI
Trbovlje Municipality,SI
Trebnje Municipality,SI
Trnovska Vas Municipality,SI
Tržič Municipality,SI
Trzin Municipality,SI
Turnišče Municipality,SI
Velika Polana Municipality,SI
Velike Lašče Municipality,SI
Veržej Municipality,SI
Videm Municipality,SI
Vipava Municipality,SI
Vitanje Municipality,SI
Vodice Municipality,SI
Vojnik Municipality,SI
Vransko Municipality,SI
Vrhnika Municipality,SI
Vuzenica Municipality,SI
Zagorje ob Savi Municipality,SI
Žalec Municipality,SI
Zavrč Municipality,SI
Železniki Municipality,SI
Žetale Municipality,SI
Žiri Municipality,SI
Žirovnica Municipality,SI
Zreče Municipality,SI
Žužemberk Municipality,SI
Central Province,SB
Choiseul Province,SB
Guadalcanal Province,SB
Honiara,SB
Isabel Province,SB
Makira-Ulawa Province,SB
Malaita Province,SB
Rennell and Bellona Province,SB
Temotu Province,SB
Western Province,SB
Awdal Region,SO
Bakool,SO
Banaadir,SO
Bari,SO
Bay,SO
Galguduud,SO
Gedo,SO
Hiran,SO
Lower Juba,SO
Lower Shebelle,SO
Middle Juba,SO
Middle Shebelle,SO
Mudug,SO
Nugal,SO
Sanaag Region,SO
Togdheer Region,SO
Eastern Cape,ZA
Free State,ZA
Gauteng,ZA
KwaZulu-Natal,ZA
Limpopo,ZA
Mpumalanga,ZA
North West,ZA
Northern Cape,ZA
Western Cape,ZA
Busan,KR
Daegu,KR
Daejeon,KR
Gangwon Province,KR
Gwangju,KR
Gyeonggi Province,KR
Incheon,KR
Jeju,KR
North Chungcheong Province,KR
North Gyeongsang Province,KR
North Jeolla Province,KR
Sejong City,KR
Seoul,KR
South Chungcheong Province,KR
South Gyeongsang Province,KR
South Jeolla Province,KR
Ulsan,KR
Central Equatoria,SS
Eastern Equatoria,SS
Jonglei State,SS
Lakes,SS
Northern Bahr el Ghazal,SS
Unity,SS
Upper Nile,SS
Warrap,SS
Western Bahr el Ghazal,SS
Western Equatoria,SS
A Coruña,ES
Albacete,ES
Alicante,ES
Almeria,ES
Araba,ES
Asturias,ES
Ávila,ES
Badajoz,ES
Barcelona,ES
Bizkaia,ES
Burgos,ES
Caceres,ES
Cádiz,ES
Cantabria,ES
Castellón,ES
Ciudad Real,ES
Córdoba,ES
Cuenca,ES
Gipuzkoa,ES
Girona,ES
Granada,ES
Guadalajara,ES
Huelva,ES
Huesca,ES
Islas Baleares,ES
Jaén,ES
La Rioja,ES
Las Palmas,ES
Léon,ES
Lleida,ES
Lugo,ES
Madrid,ES
Málaga,ES
Murcia,ES
Navarra,ES
Ourense,ES
Palencia,ES
Pontevedra,ES
Salamanca,ES
Santa Cruz de Tenerife,ES
Segovia,ES
Sevilla,ES
Soria,ES
Tarragona,ES
Teruel,ES
Toledo,ES
Valencia,ES
Valladolid,ES
Zamora,ES
Zaragoza,ES
Ampara District,LK
Anuradhapura District,LK
Badulla District,LK
Batticaloa District,LK
Central Province,LK
Colombo District,LK
Eastern Province,LK
Galle District,LK
Gampaha District,LK
Hambantota District,LK
Jaffna District,LK
Kalutara District,LK
Kandy District,LK
Kegalle District,LK
Kilinochchi District,LK
Mannar District,LK
Matale District,LK
Matara District,LK
Monaragala District,LK
Mullaitivu District,LK
North Central Province,LK
North Western Province,LK
Northern Province,LK
Nuwara Eliya District,LK
Polonnaruwa District,LK
Puttalam District,LK
Ratnapura district,LK
Sabaragamuwa Province,LK
Southern Province,LK
Trincomalee District,LK
Uva Province,LK
Vavuniya District,LK
Western Province,LK
Al Jazirah,SD
Al Qadarif,SD
Blue Nile,SD
Central Darfur,SD
East Darfur,SD
Kassala,SD
Khartoum,SD
North Darfur,SD
North Kordofan,SD
Northern,SD
Red Sea,SD
River Nile,SD
Sennar,SD
South Darfur,SD
South Kordofan,SD
West Darfur,SD
West Kordofan,SD
White Nile,SD
Brokopondo District,SR
Commewijne District,SR
Coronie District,SR
Marowijne District,SR
Nickerie District,SR
Para District,SR
Paramaribo District,SR
Saramacca District,SR
Sipaliwini District,SR
Wanica District,SR
Hhohho District,SZ
Lubombo District,SZ
Manzini District,SZ
Shiselweni District,SZ
Blekinge,SE
Dalarna County,SE
Gävleborg County,SE
Gotland County,SE
Halland County,SE
Jönköping County,SE
Kalmar County,SE
Kronoberg County,SE
Norrbotten County,SE
Örebro County,SE
Östergötland County,SE
Skåne County,SE
Södermanland County,SE
Stockholm County,SE
Uppsala County,SE
Värmland County,SE
Västerbotten County,SE
Västernorrland County,SE
Västmanland County,SE
Västra Götaland County,SE
Aargau,CH
Appenzell Ausserrhoden,CH
Appenzell Innerrhoden,CH
Basel-Land,CH
Basel-Stadt,CH
Bern,CH
Fribourg,CH
Geneva,CH
Glarus,CH
Graubünden,CH
Jura,CH
Lucerne,CH
Neuchâtel,CH
Nidwalden,CH
Obwalden,CH
Schaffhausen,CH
Schwyz,CH
Solothurn,CH
St. Gallen,CH
Thurgau,CH
Ticino,CH
Uri,CH
Valais,CH
Vaud,CH
Zug,CH
Zürich,CH
Al-Hasakah,SY
Al-Raqqah,SY
Aleppo,SY
As-Suwayda,SY
Damascus,SY
Daraa,SY
Deir ez-Zor,SY
Hama,SY
Homs,SY
Idlib,SY
Latakia,SY
Quneitra,SY
Rif Dimashq,SY
Tartus,SY
Changhua,TW
Chiayi,TW
Chiayi,TW
Hsinchu,TW
Hsinchu,TW
Hualien,TW
Kaohsiung,TW
Keelung,TW
Kinmen,TW
Lienchiang,TW
Miaoli,TW
Nantou,TW
New Taipei,TW
Penghu,TW
Pingtung,TW
Taichung,TW
Tainan,TW
Taipei,TW
Taitung,TW
Taoyuan,TW
Yilan,TW
Yunlin,TW
districts of Republican Subordination,TJ
Gorno-Badakhshan Autonomous Province,TJ
Khatlon Province,TJ
Sughd Province,TJ
Arusha,TZ
Dar es Salaam,TZ
Dodoma,TZ
Geita,TZ
Iringa,TZ
Kagera,TZ
Katavi,TZ
Kigoma,TZ
Kilimanjaro,TZ
Lindi,TZ
Manyara,TZ
Mara,TZ
Mbeya,TZ
Morogoro,TZ
Mtwara,TZ
Mwanza,TZ
Njombe,TZ
Pemba North,TZ
Pemba South,TZ
Pwani,TZ
Rukwa,TZ
Ruvuma,TZ
Shinyanga,TZ
Simiyu,TZ
Singida,TZ
Songwe,TZ
Tabora,TZ
Tanga,TZ
Zanzibar North,TZ
Zanzibar South,TZ
Zanzibar West,TZ
Amnat Charoen,TH
Ang Thong,TH
Bangkok,TH
Bueng Kan,TH
Buri Ram,TH
Chachoengsao,TH
Chai Nat,TH
Chaiyaphum,TH
Chanthaburi,TH
Chiang Mai,TH
Chiang Rai,TH
Chon Buri,TH
Chumphon,TH
Kalasin,TH
Kamphaeng Phet,TH
Kanchanaburi,TH
Khon Kaen,TH
Krabi,TH
Lampang,TH
Lamphun,TH
Loei,TH
Lop Buri,TH
Mae Hong Son,TH
Maha Sarakham,TH
Mukdahan,TH
Nakhon Nayok,TH
Nakhon Pathom,TH
Nakhon Phanom,TH
Nakhon Ratchasima,TH
Nakhon Sawan,TH
Nakhon Si Thammarat,TH
Nan,TH
Narathiwat,TH
Nong Bua Lam Phu,TH
Nong Khai,TH
Nonthaburi,TH
Pathum Thani,TH
Pattani,TH
Pattaya,TH
Phangnga,TH
Phatthalung,TH
Phayao,TH
Phetchabun,TH
Phetchaburi,TH
Phichit,TH
Phitsanulok,TH
Phra Nakhon Si Ayutthaya,TH
Phrae,TH
Phuket,TH
Prachin Buri,TH
Prachuap Khiri Khan,TH
Ranong,TH
Ratchaburi,TH
Rayong,TH
Roi Et,TH
Sa Kaeo,TH
Sakon Nakhon,TH
Samut Prakan,TH
Samut Sakhon,TH
Samut Songkhram,TH
Saraburi,TH
Satun,TH
Si Sa Ket,TH
Sing Buri,TH
Songkhla,TH
Sukhothai,TH
Suphan Buri,TH
Surat Thani,TH
Surin,TH
Tak,TH
Trang,TH
Trat,TH
Ubon Ratchathani,TH
Udon Thani,TH
Uthai Thani,TH
Uttaradit,TH
Yala,TH
Yasothon,TH
Acklins,BS
Acklins and Crooked Islands,BS
Berry Islands,BS
Bimini,BS
Black Point,BS
Cat Island,BS
Central Abaco,BS
Central Andros,BS
Central Eleuthera,BS
Crooked Island,BS
East Grand Bahama,BS
Exuma,BS
Freeport,BS
Fresh Creek,BS
Governor's Harbour,BS
Grand Cay,BS
Green Turtle Cay,BS
Harbour Island,BS
High Rock,BS
Hope Town,BS
Inagua,BS
Kemps Bay,BS
Long Island,BS
Mangrove Cay,BS
Marsh Harbour,BS
Mayaguana District,BS
New Providence,BS
Nichollstown and Berry Islands,BS
North Abaco,BS
North Andros,BS
North Eleuthera,BS
Ragged Island,BS
Rock Sound,BS
Rum Cay District,BS
San Salvador and Rum Cay,BS
San Salvador Island,BS
Sandy Point,BS
South Abaco,BS
South Andros,BS
South Eleuthera,BS
Spanish Wells,BS
West Grand Bahama,BS
Centrale Region,TG
Kara Region,TG
Maritime,TG
Plateaux Region,TG
Savanes Region,TG
Haʻapai,TO
ʻEua,TO
Niuas,TO
Tongatapu,TO
Vavaʻu,TO
Arima,TT
Chaguanas,TT
Couva-Tabaquite-Talparo Regional Corporation,TT
Diego Martin Regional Corporation,TT
Eastern Tobago,TT
Penal-Debe Regional Corporation,TT
Point Fortin,TT
Port of Spain,TT
Princes Town Regional Corporation,TT
Rio Claro-Mayaro Regional Corporation,TT
San Fernando,TT
San Juan-Laventille Regional Corporation,TT
Sangre Grande Regional Corporation,TT
Siparia Regional Corporation,TT
Tunapuna-Piarco Regional Corporation,TT
Western Tobago,TT
Ariana,TN
Ben Arous,TN
Bizerte,TN
Gabès,TN
Gafsa,TN
Jendouba,TN
Kairouan,TN
Kasserine,TN
Kassrine,TN
Kebili,TN
Kef,TN
Mahdia,TN
Manouba,TN
Medenine,TN
Monastir,TN
Nabeul,TN
Sfax,TN
Sidi Bouzid,TN
Siliana,TN
Sousse,TN
Tataouine,TN
Tozeur,TN
Tunis,TN
Zaghouan,TN
Adana,TR
Adıyaman,TR
Afyonkarahisar,TR
Ağrı,TR
Aksaray,TR
Amasya,TR
Ankara,TR
Antalya,TR
Ardahan,TR
Artvin,TR
Aydın,TR
Balıkesir,TR
Bartın,TR
Batman,TR
Bayburt,TR
Bilecik,TR
Bingöl,TR
Bitlis,TR
Bolu,TR
Burdur,TR
Bursa,TR
Çanakkale,TR
Çankırı,TR
Çorum,TR
Denizli,TR
Diyarbakır,TR
Düzce,TR
Edirne,TR
Elazığ,TR
Erzincan,TR
Erzurum,TR
Eskişehir,TR
Gaziantep,TR
Giresun,TR
Gümüşhane,TR
Hakkâri,TR
Hatay,TR
Iğdır,TR
Isparta,TR
İstanbul,TR
İzmir,TR
Kahramanmaraş,TR
Karabük,TR
Karaman,TR
Kars,TR
Kastamonu,TR
Kayseri,TR
Kilis,TR
Kırıkkale,TR
Kırklareli,TR
Kırşehir,TR
Kocaeli,TR
Konya,TR
Kütahya,TR
Malatya,TR
Manisa,TR
Mardin,TR
Mersin,TR
Muğla,TR
Muş,TR
Nevşehir,TR
Niğde,TR
Ordu,TR
Osmaniye,TR
Rize,TR
Sakarya,TR
Samsun,TR
Şanlıurfa,TR
Siirt,TR
Sinop,TR
Sivas,TR
Şırnak,TR
Tekirdağ,TR
Tokat,TR
Trabzon,TR
Tunceli,TR
Uşak,TR
Van,TR
Yalova,TR
Yozgat,TR
Zonguldak,TR
Ahal Region,TM
Ashgabat,TM
Balkan Region,TM
Daşoguz Region,TM
Lebap Region,TM
Mary Region,TM
Funafuti,TV
Nanumanga,TV
Nanumea,TV
Niutao Island Council,TV
Nui,TV
Nukufetau,TV
Nukulaelae,TV
Vaitupu,TV
Abim District,UG
Adjumani District,UG
Agago District,UG
Alebtong District,UG
Amolatar District,UG
Amudat District,UG
Amuria District,UG
Amuru District,UG
Apac District,UG
Arua District,UG
Budaka District,UG
Bududa District,UG
Bugiri District,UG
Buhweju District,UG
Buikwe District,UG
Bukedea District,UG
Bukomansimbi District,UG
Bukwo District,UG
Bulambuli District,UG
Buliisa District,UG
Bundibugyo District,UG
Bunyangabu District,UG
Bushenyi District,UG
Busia District,UG
Butaleja District,UG
Butambala District,UG
Butebo District,UG
Buvuma District,UG
Buyende District,UG
Central Region,UG
Dokolo District,UG
Eastern Region,UG
Gomba District,UG
Gulu District,UG
Ibanda District,UG
Iganga District,UG
Isingiro District,UG
Jinja District,UG
Kaabong District,UG
Kabale District,UG
Kabarole District,UG
Kaberamaido District,UG
Kagadi District,UG
Kakumiro District,UG
Kalangala District,UG
Kaliro District,UG
Kalungu District,UG
Kampala District,UG
Kamuli District,UG
Kamwenge District,UG
Kanungu District,UG
Kapchorwa District,UG
Kasese District,UG
Katakwi District,UG
Kayunga District,UG
Kibaale District,UG
Kiboga District,UG
Kibuku District,UG
Kiruhura District,UG
Kiryandongo District,UG
Kisoro District,UG
Kitgum District,UG
Koboko District,UG
Kole District,UG
Kotido District,UG
Kumi District,UG
Kween District,UG
Kyankwanzi District,UG
Kyegegwa District,UG
Kyenjojo District,UG
Kyotera District,UG
Lamwo District,UG
Lira District,UG
Luuka District,UG
Luwero District,UG
Lwengo District,UG
Lyantonde District,UG
Manafwa District,UG
Maracha District,UG
Masaka District,UG
Masindi District,UG
Mayuge District,UG
Mbale District,UG
Mbarara District,UG
Mitooma District,UG
Mityana District,UG
Moroto District,UG
Moyo District,UG
Mpigi District,UG
Mubende District,UG
Mukono District,UG
Nakapiripirit District,UG
Nakaseke District,UG
Nakasongola District,UG
Namayingo District,UG
Namisindwa District,UG
Namutumba District,UG
Napak District,UG
Nebbi District,UG
Ngora District,UG
Northern Region,UG
Ntoroko District,UG
Ntungamo District,UG
Nwoya District,UG
Omoro District,UG
Otuke District,UG
Oyam District,UG
Pader District,UG
Pakwach District,UG
Pallisa District,UG
Rakai District,UG
Rubanda District,UG
Rubirizi District,UG
Rukiga District,UG
Rukungiri District,UG
Sembabule District,UG
Serere District,UG
Sheema District,UG
Sironko District,UG
Soroti District,UG
Tororo District,UG
Wakiso District,UG
Western Region,UG
Yumbe District,UG
Zombo District,UG
Autonomous Republic of Crimea,UA
Cherkaska oblast,UA
Chernihivska oblast,UA
Chernivetska oblast,UA
Dnipropetrovska oblast,UA
Donetska oblast,UA
Ivano-Frankivska oblast,UA
Kharkivska oblast,UA
Khersonska oblast,UA
Khmelnytska oblast,UA
Kirovohradska oblast,UA
Kyiv,UA
Kyivska oblast,UA
Luhanska oblast,UA
Lvivska oblast,UA
Mykolaivska oblast,UA
Odeska oblast,UA
Poltavska oblast,UA
Rivnenska oblast,UA
Sumska oblast,UA
Ternopilska oblast,UA
Vinnytska oblast,UA
Volynska oblast,UA
Zakarpatska Oblast,UA
Zaporizka oblast,UA
Zhytomyrska oblast,UA
Abu Dhabi Emirate,AE
Ajman Emirate,AE
Dubai,AE
Fujairah,AE
Ras al-Khaimah,AE
Sharjah Emirate,AE
Umm al-Quwain,AE
Aberdeen,GB
Aberdeenshire,GB
Angus,GB
Antrim,GB
Antrim and Newtownabbey,GB
Ards,GB
Ards and North Down,GB
Argyll and Bute,GB
Armagh City and District Council,GB
Armagh. Banbridge and Craigavon,GB
Ascension Island,GB
Ballymena Borough,GB
Ballymoney,GB
Banbridge,GB
Barnsley,GB
Bath and North East Somerset,GB
Bedford,GB
Belfast district,GB
Birmingham,GB
Blackburn with Darwen,GB
Blackpool,GB
Blaenau Gwent County Borough,GB
Bolton,GB
Bournemouth,GB
Bracknell Forest,GB
Bradford,GB
Bridgend County Borough,GB
Brighton and Hove,GB
Buckinghamshire,GB
Bury,GB
Caerphilly County Borough,GB
Calderdale,GB
Cambridgeshire,GB
Carmarthenshire,GB
Carrickfergus Borough Council,GB
Castlereagh,GB
Causeway Coast and Glens,GB
Central Bedfordshire,GB
Ceredigion,GB
Cheshire East,GB
Cheshire West and Chester,GB
City and County of Cardiff,GB
City and County of Swansea,GB
City of Bristol,GB
City of Derby,GB
City of Kingston upon Hull,GB
City of Leicester,GB
City of London,GB
City of Nottingham,GB
City of Peterborough,GB
City of Plymouth,GB
City of Portsmouth,GB
City of Southampton,GB
City of Stoke-on-Trent,GB
City of Sunderland,GB
City of Westminster,GB
City of Wolverhampton,GB
City of York,GB
Clackmannanshire,GB
Coleraine Borough Council,GB
Conwy County Borough,GB
Cookstown District Council,GB
Cornwall,GB
County Durham,GB
Coventry,GB
Craigavon Borough Council,GB
Cumbria,GB
Darlington,GB
Denbighshire,GB
Derbyshire,GB
Derry City and Strabane,GB
Derry City Council,GB
Devon,GB
Doncaster,GB
Dorset,GB
Down District Council,GB
Dudley,GB
Dumfries and Galloway,GB
Dundee,GB
Dungannon and South Tyrone Borough Council,GB
East Ayrshire,GB
East Dunbartonshire,GB
East Lothian,GB
East Renfrewshire,GB
East Riding of Yorkshire,GB
East Sussex,GB
Edinburgh,GB
England,GB
Essex,GB
Falkirk,GB
Fermanagh and Omagh,GB
Fermanagh District Council,GB
Fife,GB
Flintshire,GB
Gateshead,GB
Glasgow,GB
Gloucestershire,GB
Gwynedd,GB
Halton,GB
Hampshire,GB
Hartlepool,GB
Herefordshire,GB
Hertfordshire,GB
Highland,GB
Inverclyde,GB
Isle of Wight,GB
Isles of Scilly,GB
Kent,GB
Kirklees,GB
Knowsley,GB
Lancashire,GB
Larne Borough Council,GB
Leeds,GB
Leicestershire,GB
Limavady Borough Council,GB
Lincolnshire,GB
Lisburn and Castlereagh,GB
Lisburn City Council,GB
Liverpool,GB
London Borough of Barking and Dagenham,GB
London Borough of Barnet,GB
London Borough of Bexley,GB
London Borough of Brent,GB
London Borough of Bromley,GB
London Borough of Camden,GB
London Borough of Croydon,GB
London Borough of Ealing,GB
London Borough of Enfield,GB
London Borough of Hackney,GB
London Borough of Hammersmith and Fulham,GB
London Borough of Haringey,GB
London Borough of Harrow,GB
London Borough of Havering,GB
London Borough of Hillingdon,GB
London Borough of Hounslow,GB
London Borough of Islington,GB
London Borough of Lambeth,GB
London Borough of Lewisham,GB
London Borough of Merton,GB
London Borough of Newham,GB
London Borough of Redbridge,GB
London Borough of Richmond upon Thames,GB
London Borough of Southwark,GB
London Borough of Sutton,GB
London Borough of Tower Hamlets,GB
London Borough of Waltham Forest,GB
London Borough of Wandsworth,GB
Magherafelt District Council,GB
Manchester,GB
Medway,GB
Merthyr Tydfil County Borough,GB
Metropolitan Borough of Wigan,GB
Mid and East Antrim,GB
Mid Ulster,GB
Middlesbrough,GB
Midlothian,GB
Milton Keynes,GB
Monmouthshire,GB
Moray,GB
Moyle District Council,GB
Neath Port Talbot County Borough,GB
Newcastle upon Tyne,GB
Newport,GB
Newry and Mourne District Council,GB
Newry. Mourne and Down,GB
Newtownabbey Borough Council,GB
Norfolk,GB
North Ayrshire,GB
North Down Borough Council,GB
North East Lincolnshire,GB
North Lanarkshire,GB
North Lincolnshire,GB
North Somerset,GB
North Tyneside,GB
North Yorkshire,GB
Northamptonshire,GB
Northern Ireland,GB
Northumberland,GB
Nottinghamshire,GB
Oldham,GB
Omagh District Council,GB
Orkney Islands,GB
Outer Hebrides,GB
Oxfordshire,GB
Pembrokeshire,GB
Perth and Kinross,GB
Poole,GB
Powys,GB
Reading,GB
Redcar and Cleveland,GB
Renfrewshire,GB
Rhondda Cynon Taf,GB
Rochdale,GB
Rotherham,GB
Royal Borough of Greenwich,GB
Royal Borough of Kensington and Chelsea,GB
Royal Borough of Kingston upon Thames,GB
Rutland,GB
Saint Helena,GB
Salford,GB
Sandwell,GB
Scotland,GB
Scottish Borders,GB
Sefton,GB
Sheffield,GB
Shetland Islands,GB
Shropshire,GB
Slough,GB
Solihull,GB
Somerset,GB
South Ayrshire,GB
South Gloucestershire,GB
South Lanarkshire,GB
South Tyneside,GB
Southend-on-Sea,GB
St Helens,GB
Staffordshire,GB
Stirling,GB
Stockport,GB
Stockton-on-Tees,GB
Strabane District Council,GB
Suffolk,GB
Surrey,GB
Swindon,GB
Tameside,GB
Telford and Wrekin,GB
Thurrock,GB
Torbay,GB
Torfaen,GB
Trafford,GB
United Kingdom,GB
Vale of Glamorgan,GB
Wakefield,GB
Wales,GB
Walsall,GB
Warrington,GB
Warwickshire,GB
West Berkshire,GB
West Dunbartonshire,GB
West Lothian,GB
West Sussex,GB
Wiltshire,GB
Windsor and Maidenhead,GB
Wirral,GB
Wokingham,GB
Worcestershire,GB
Wrexham County Borough,GB
Alabama,US
Alaska,US
American Samoa,US
Arizona,US
Arkansas,US
Baker Island,US
California,US
Colorado,US
Connecticut,US
Delaware,US
District of Columbia,US
Florida,US
Georgia,US
Guam,US
Hawaii,US
Howland Island,US
Idaho,US
Illinois,US
Indiana,US
Iowa,US
Jarvis Island,US
Johnston Atoll,US
Kansas,US
Kentucky,US
Kingman Reef,US
Louisiana,US
Maine,US
Maryland,US
Massachusetts,US
Michigan,US
Midway Atoll,US
Minnesota,US
Mississippi,US
Missouri,US
Montana,US
Navassa Island,US
Nebraska,US
Nevada,US
New Hampshire,US
New Jersey,US
New Mexico,US
New York,US
North Carolina,US
North Dakota,US
Northern Mariana Islands,US
Ohio,US
Oklahoma,US
Oregon,US
Palmyra Atoll,US
Pennsylvania,US
Puerto Rico,US
Rhode Island,US
South Carolina,US
South Dakota,US
Tennessee,US
Texas,US
United States Minor Outlying Islands,US
United States Virgin Islands,US
Utah,US
Vermont,US
Virginia,US
Wake Island,US
Washington,US
West Virginia,US
Wisconsin,US
Wyoming,US
Artigas Department,UY
Canelones Department,UY
Cerro Largo Department,UY
Colonia Department,UY
Durazno Department,UY
Flores Department,UY
Florida Department,UY
Lavalleja Department,UY
Maldonado Department,UY
Montevideo Department,UY
Paysandú Department,UY
Río Negro Department,UY
Rivera Department,UY
Rocha Department,UY
Salto Department,UY
San José Department,UY
Soriano Department,UY
Tacuarembó Department,UY
Treinta y Tres Department,UY
Andijan Region,UZ
Bukhara Region,UZ
Fergana Region,UZ
Jizzakh Region,UZ
Karakalpakstan,UZ
Namangan Region,UZ
Navoiy Region,UZ
Qashqadaryo Region,UZ
Samarqand Region,UZ
Sirdaryo Region,UZ
Surxondaryo Region,UZ
Tashkent,UZ
Tashkent Region,UZ
Xorazm Region,UZ
Malampa,VU
Penama,VU
Sanma,VU
Shefa,VU
Tafea,VU
Torba,VU
Amazonas,VE
Anzoátegui,VE
Apure,VE
Aragua,VE
Barinas,VE
Bolívar,VE
Carabobo,VE
Cojedes,VE
Delta Amacuro,VE
Distrito Capital,VE
Falcón,VE
Federal Dependencies of Venezuela,VE
Guárico,VE
La Guaira,VE
Lara,VE
Mérida,VE
Miranda,VE
Monagas,VE
Nueva Esparta,VE
Portuguesa,VE
Sucre,VE
Táchira,VE
Trujillo,VE
Yaracuy,VE
Zulia,VE
An Giang,VN
Bà Rịa-Vũng Tàu,VN
Bắc Giang,VN
Bắc Kạn,VN
Bạc Liêu,VN
Bắc Ninh,VN
Bến Tre,VN
Bình Dương,VN
Bình Định,VN
Bình Phước,VN
Bình Thuận,VN
Cà Mau,VN
Cần Thơ,VN
Cao Bằng,VN
Đà Nẵng,VN
Đắk Lắk,VN
Đắk Nông,VN
Điện Biên,VN
Đồng Nai,VN
Đồng Tháp,VN
Gia Lai,VN
Hà Giang,VN
Hà Nam,VN
Hà Nội,VN
Hà Tĩnh,VN
Hải Dương,VN
Hải Phòng,VN
Hậu Giang,VN
Hồ Chí Minh,VN
Hòa Bình,VN
Hưng Yên,VN
Khánh Hòa,VN
Kiên Giang,VN
Kon Tum,VN
Lai Châu,VN
Lâm Đồng,VN
Lạng Sơn,VN
Lào Cai,VN
Long An,VN
Nam Định,VN
Nghệ An,VN
Ninh Bình,VN
Ninh Thuận,VN
Phú Thọ,VN
Phú Yên,VN
Quảng Bình,VN
Quảng Nam,VN
Quảng Ngãi,VN
Quảng Ninh,VN
Quảng Trị,VN
Sóc Trăng,VN
Sơn La,VN
Tây Ninh,VN
Thái Bình,VN
Thái Nguyên,VN
Thanh Hóa,VN
Thừa Thiên-Huế,VN
Tiền Giang,VN
Trà Vinh,VN
Tuyên Quang,VN
Vĩnh Long,VN
Vĩnh Phúc,VN
Yên Bái,VN
Saint Croix,VI
Saint John,VI
Saint Thomas,VI
'Adan,YE
'Amran,YE
Abyan,YE
Al Bayda',YE
Al Hudaydah,YE
Al Jawf,YE
Al Mahrah,YE
Al Mahwit,YE
Dhamar,YE
Hadhramaut,YE
Hajjah,YE
Ibb,YE
Lahij,YE
Ma'rib,YE
Raymah,YE
Saada,YE
Sana'a,YE
Sana'a,YE
Shabwah,YE
Socotra,YE
Ta'izz,YE
Central Province,ZM
Copperbelt Province,ZM
Eastern Province,ZM
Luapula Province,ZM
Lusaka Province,ZM
Muchinga Province,ZM
Northern Province,ZM
Northwestern Province,ZM
Southern Province,ZM
Western Province,ZM
Bulawayo Province,ZW
Harare Province,ZW
Manicaland,ZW
Mashonaland Central Province,ZW
Mashonaland East Province,ZW
Mashonaland West Province,ZW
Masvingo Province,ZW
Matabeleland North Province,ZW
Matabeleland South Province,ZW
Midlands Province,ZW
